SeniorCitizen,tenure,MonthlyCharges,TotalCharges,gender_Male,Partner_Yes,Dependents_Yes,PhoneService_Yes,MultipleLines_No phone service,MultipleLines_Yes,InternetService_Fiber optic,InternetService_No,OnlineSecurity_No internet service,OnlineSecurity_Yes,OnlineBackup_No internet service,OnlineBackup_Yes,DeviceProtection_No internet service,DeviceProtection_Yes,TechSupport_No internet service,TechSupport_Yes,StreamingTV_No internet service,StreamingTV_Yes,StreamingMovies_No internet service,StreamingMovies_Yes,Contract_One year,Contract_Two year,PaperlessBilling_Yes,PaymentMethod_Credit card (automatic),PaymentMethod_Electronic check,PaymentMethod_Mailed check,Churn
0,44,131.6876997212895,4915.15,True,False,False,True,False,True,True,False,False,True,False,True,False,True,False,False,False,True,False,True,False,False,True,False,True,False,0
1,62,114.25792664325822,6383.35,True,True,False,True,False,True,True,False,False,False,False,True,False,True,False,False,False,True,False,True,True,False,True,False,True,False,1
0,29,33.90132152856387,601.6,False,False,False,True,False,False,False,True,True,False,True,False,True,False,True,False,True,False,True,False,False,False,False,True,False,False,0
0,66,110.5102117476826,6130.95,False,True,False,True,False,True,True,False,False,False,False,True,False,True,False,True,False,False,False,False,True,False,True,False,False,False,0
0,29,55.47841687447796,1242.45,True,False,True,False,True,False,False,False,False,True,False,True,False,True,False,True,False,False,False,False,False,False,True,False,False,True,0
0,41,111.60807280405854,3930.55,False,True,True,True,False,True,True,False,False,True,False,True,False,True,False,False,False,False,False,True,True,False,True,False,False,False,0
0,26,79.11953924829457,1581.95,True,False,False,True,False,True,False,False,False,True,False,True,False,False,False,False,False,False,False,False,True,False,False,False,True,False,0
0,9,85.69941397124212,571.45,False,False,True,True,False,False,False,False,False,False,False,False,False,False,False,True,False,True,False,True,False,False,True,True,False,False,0
1,37,109.12318226085448,3580.3,False,False,False,True,False,True,True,False,False,False,False,False,False,False,False,False,False,True,False,True,False,False,True,False,True,False,1
0,56,51.715912287557785,1444.05,True,False,False,True,False,True,False,True,True,False,True,False,True,False,True,False,True,False,True,False,False,True,True,False,False,False,0
0,64,43.114310594194805,1559.15,False,True,True,True,False,True,False,True,True,False,True,False,True,False,True,False,True,False,True,False,False,True,True,False,False,True,0
0,23,94.90236744179872,1758.6,False,False,False,True,False,True,True,False,False,False,False,False,False,False,False,False,False,False,False,False,False,False,False,False,False,False,1
0,8,35.55370288643046,153.95,True,True,True,True,False,False,False,True,True,False,True,False,True,False,True,False,True,False,True,False,True,False,False,True,False,False,0
0,29,124.87887255572377,2878.75,False,False,False,True,False,True,True,False,False,False,False,False,False,True,False,False,False,True,False,True,False,False,False,False,False,False,0
0,10,92.19658799618327,765.15,False,True,False,True,False,True,True,False,False,True,False,False,False,False,False,False,False,False,False,False,False,False,True,True,False,False,0
0,53,74.33823248936856,3297.0,False,True,True,True,False,False,False,False,False,False,False,False,False,True,False,False,False,False,False,True,True,False,False,True,False,False,0
0,72,132.41204873092025,8425.15,False,True,True,True,False,True,True,False,False,True,False,True,False,True,False,True,False,True,False,True,False,True,True,False,True,False,0
0,24,99.13580719780171,2107.15,True,False,False,True,False,False,True,False,False,False,False,True,False,True,False,True,False,False,False,False,False,False,True,False,True,False,1
0,57,128.65443123455603,6465.0,False,False,False,True,False,True,True,False,False,True,False,True,False,True,False,False,False,True,False,True,False,True,True,False,False,False,1
0,52,35.42206991822251,1022.95,False,False,False,True,False,False,False,True,True,False,True,False,True,False,True,False,True,False,True,False,True,False,False,False,False,True,0
0,52,43.50831346981468,1331.05,True,True,True,True,False,True,False,True,True,False,True,False,True,False,True,False,True,False,True,False,False,True,False,False,False,True,1
0,32,95.9030055558403,2664.3,True,False,False,True,False,True,True,False,False,False,False,False,False,False,False,False,False,False,False,True,False,False,True,False,False,False,0
0,71,38.890288991405725,1326.35,False,True,True,True,False,False,False,True,True,False,True,False,True,False,True,False,True,False,True,False,False,True,False,False,False,False,0
0,2,66.89901042495009,106.2,False,False,True,True,False,False,False,False,False,False,False,True,False,False,False,False,False,False,False,False,False,False,False,False,False,True,0
0,72,107.18178884678109,6510.45,False,True,True,True,False,True,False,False,False,True,False,True,False,True,False,True,False,True,False,True,False,True,False,True,False,False,0
0,4,86.79171632729357,333.6,False,False,False,True,False,False,True,False,False,False,False,True,False,False,False,False,False,False,False,False,False,False,True,False,False,False,1
1,19,97.05007225026665,1471.75,True,False,False,True,False,True,True,False,False,False,False,False,False,True,False,False,False,False,False,False,False,False,True,False,True,False,1
0,1,88.03428546900135,70.1,False,False,False,True,False,False,True,False,False,False,False,False,False,False,False,False,False,False,False,False,False,False,True,False,True,False,1
0,13,29.122554763508116,265.75,True,False,False,True,False,False,False,True,True,False,True,False,True,False,True,False,True,False,True,False,False,True,False,False,False,True,0
0,49,28.23072591933229,900.9,False,True,False,True,False,False,False,True,True,False,True,False,True,False,True,False,True,False,True,False,True,False,False,False,False,False,0
0,31,90.73276804316916,2156.25,True,False,False,True,False,False,False,False,False,True,False,True,False,True,False,True,False,True,False,False,False,False,True,False,False,False,0
0,58,44.940918383975614,1185.95,True,True,False,True,False,False,False,True,True,False,True,False,True,False,True,False,True,False,True,False,False,True,False,False,False,True,0
0,7,109.05851377730772,713.0,True,False,False,True,False,True,True,False,False,False,False,False,False,True,False,False,False,True,False,True,False,False,True,False,False,False,1
0,18,36.05147815855949,357.0,False,True,True,True,False,False,False,True,True,False,True,False,True,False,True,False,True,False,True,False,False,False,False,False,False,True,0
0,30,117.67650069955448,2820.65,True,False,False,True,False,True,True,False,False,True,False,True,False,True,False,False,False,False,False,False,True,False,False,False,False,False,0
0,50,37.15678607725137,1070.25,False,True,True,True,False,False,False,True,True,False,True,False,True,False,True,False,True,False,True,False,False,True,False,True,False,False,0
0,60,33.606544369082265,1128.1,False,False,False,True,False,False,False,True,True,False,True,False,True,False,True,False,True,False,True,False,False,True,False,False,False,False,0
1,4,94.55499761247975,306.6,True,True,False,True,False,True,True,False,False,False,False,False,False,False,False,False,False,False,False,False,False,False,True,False,False,True,1
0,71,47.19315778766175,1847.55,True,True,True,True,False,True,False,True,True,False,True,False,True,False,True,False,True,False,True,False,False,True,False,True,False,False,0
0,4,98.17046283167095,280.85,True,False,False,True,False,False,True,False,False,False,False,False,False,True,False,False,False,False,False,False,False,False,True,False,True,False,1
0,1,61.251859317148316,51.2,False,False,True,True,False,False,False,False,False,True,False,False,False,False,False,False,False,False,False,False,False,False,False,False,False,True,0
0,54,106.49241921730845,4667.0,True,False,False,True,False,False,True,False,False,True,False,False,False,True,False,False,False,True,False,False,False,False,False,False,False,True,0
0,12,102.0261253938589,1021.75,True,False,False,True,False,True,True,False,False,False,False,False,False,True,False,False,False,True,False,False,False,False,True,False,True,False,0
0,64,96.44957616836923,5327.25,False,True,True,True,False,True,True,False,False,True,False,False,False,False,False,True,False,False,False,False,False,False,True,False,False,False,0
1,40,97.3033604877534,3233.85,False,False,False,True,False,False,True,False,False,True,False,True,False,False,False,False,False,False,False,False,False,False,True,True,False,False,1
0,5,33.089459234339216,95.55,True,False,False,True,False,False,False,True,True,False,True,False,True,False,True,False,True,False,True,False,False,False,False,True,False,False,0
0,11,40.08351158397292,246.3,False,False,False,True,False,False,False,True,True,False,True,False,True,False,True,False,True,False,True,False,False,False,False,False,False,False,0
0,1,44.35586371155449,25.85,False,False,False,False,True,False,False,False,False,False,False,False,False,False,False,False,False,False,False,False,True,False,False,False,False,True,0
0,1,28.458176554037287,19.25,False,True,True,True,False,False,False,True,True,False,True,False,True,False,True,False,True,False,True,False,False,False,False,False,True,False,0
1,43,117.52901766718705,4304.0,True,True,False,True,False,False,True,False,False,False,False,True,False,True,False,False,False,True,False,True,True,False,True,False,False,False,0
0,18,94.85205185922413,1406.65,True,False,True,True,False,True,True,False,False,False,False,False,False,True,False,False,False,False,False,False,False,False,True,True,False,False,0
0,22,100.4901533413059,1907.85,False,False,False,True,False,False,True,False,False,False,False,False,False,False,False,False,False,True,False,True,False,False,False,False,True,False,1
0,28,78.77317026714668,1654.7,False,False,False,True,False,False,False,False,False,True,False,True,False,False,False,True,False,False,False,False,True,False,True,False,True,False,1
0,64,91.24195962804191,4688.65,True,True,True,True,False,False,False,False,False,True,False,False,False,True,False,False,False,True,False,True,True,False,True,True,False,False,0
1,11,105.84524941794481,1120.3,False,False,False,True,False,False,True,False,False,False,False,True,False,False,False,False,False,True,False,True,False,False,True,False,True,False,1
1,72,125.75549523357483,8075.35,False,True,False,True,False,True,True,False,False,True,False,False,False,True,False,True,False,True,False,True,False,True,True,False,False,True,0
0,58,96.81892955895374,4807.35,True,False,False,True,False,True,True,False,False,False,False,False,False,False,False,True,False,False,False,False,False,False,False,False,False,False,0
0,55,36.41465727137812,1153.25,True,True,True,True,False,False,False,True,True,False,True,False,True,False,True,False,True,False,True,False,False,True,False,False,False,False,0
1,1,90.6673169146347,85.0,False,False,False,True,False,False,True,False,False,False,False,False,False,True,False,False,False,False,False,True,False,False,True,False,True,False,1
1,72,95.16954560026178,5396.25,True,True,False,True,False,True,False,False,False,False,False,True,False,True,False,True,False,True,False,False,False,True,False,True,False,False,0
0,7,105.45077895802646,633.45,False,False,False,True,False,False,True,False,False,False,False,True,False,False,False,False,False,True,False,True,True,False,True,False,False,True,0
0,61,68.75504615868357,3244.4,False,True,True,False,True,False,False,False,False,False,False,True,False,True,False,True,False,True,False,False,False,True,False,True,False,False,0
0,52,76.18115519652098,3410.6,False,True,False,True,False,False,False,False,False,True,False,False,False,True,False,False,False,True,False,False,True,False,True,False,False,True,0
0,2,30.980461792676053,38.25,False,False,True,True,False,False,False,True,True,False,True,False,True,False,True,False,True,False,True,False,True,False,False,False,False,False,0
0,41,67.62523843153024,2029.05,False,False,False,True,False,False,False,False,False,False,False,False,False,False,False,True,False,False,False,False,True,False,False,False,False,False,0
0,72,118.77625906893272,8240.85,True,True,False,True,False,True,True,False,False,True,False,False,False,True,False,True,False,True,False,True,False,True,True,True,False,False,1
0,38,33.84468336200051,914.4,False,False,False,True,False,True,False,True,True,False,True,False,True,False,True,False,True,False,True,False,True,False,True,False,True,False,0
0,42,115.69476655332534,4016.75,True,True,True,True,False,True,True,False,False,True,False,False,False,False,False,False,False,True,False,True,True,False,False,False,True,False,0
0,1,63.33105400448214,52.2,False,False,False,True,False,False,False,False,False,False,False,False,False,False,False,True,False,False,False,False,False,False,True,False,True,False,1
0,57,80.18312771294524,3687.85,False,True,True,True,False,True,False,False,False,True,False,True,False,False,False,True,False,False,False,False,False,False,False,False,False,False,0
0,24,68.16552803631572,1218.25,True,False,False,True,False,False,False,False,False,False,False,True,False,False,False,False,False,False,False,False,False,False,True,False,False,True,0
0,15,110.77652604285255,1430.05,True,False,True,True,False,True,True,False,False,False,False,True,False,False,False,False,False,True,False,False,False,False,True,False,True,False,0
0,3,74.94737420965873,154.55,True,True,False,True,False,False,False,False,False,False,False,False,False,True,False,True,False,False,False,False,False,False,True,False,False,True,0
0,1,64.84816684141431,53.5,True,False,False,True,False,False,False,False,False,False,False,False,False,False,False,False,False,True,False,False,False,False,True,False,False,True,1
0,70,37.33999145622725,1433.8,True,True,False,True,False,False,False,True,True,False,True,False,True,False,True,False,True,False,True,False,False,True,False,True,False,False,0
0,44,69.96484837073437,2390.45,True,True,False,False,True,False,False,False,False,False,False,True,False,True,False,False,False,True,False,True,False,True,False,False,False,False,0
0,6,47.40591420861786,260.8,True,True,True,True,False,False,False,False,False,False,False,False,False,False,False,False,False,False,False,False,False,False,True,False,False,False,1
0,70,73.96348927997886,4144.8,True,True,True,False,True,False,False,False,False,True,False,False,False,True,False,True,False,True,False,True,False,True,False,False,False,False,0
0,69,122.51051737131635,7386.05,True,False,False,True,False,True,True,False,False,False,False,True,False,False,False,True,False,True,False,True,True,False,True,False,False,False,0
0,26,47.15707778193202,786.5,False,False,True,False,True,False,False,False,False,False,False,False,False,True,False,False,False,False,False,False,False,False,True,False,False,True,0
0,4,39.300338653443774,82.9,False,True,True,True,False,False,False,True,True,False,True,False,True,False,True,False,True,False,True,False,False,False,True,False,True,False,0
0,6,104.56078098506316,494.95,True,False,False,True,False,False,True,False,False,True,False,True,False,False,False,False,False,False,False,False,False,False,True,False,True,False,0
0,17,102.0972590856952,1329.15,False,False,False,True,False,False,True,False,False,False,False,True,False,False,False,False,False,True,False,False,False,False,True,False,True,False,0
0,1,84.7028038163826,74.5,False,False,False,True,False,True,True,False,False,False,False,False,False,False,False,False,False,False,False,False,False,False,True,False,True,False,1
0,10,71.61743062275391,503.25,True,False,False,True,False,False,False,False,False,False,False,False,False,False,False,False,False,False,False,True,False,False,True,False,False,False,0
0,19,88.28421948546216,1394.55,True,False,False,True,False,True,False,False,False,False,False,False,False,False,False,False,False,True,False,True,False,False,False,False,False,True,0
0,60,58.330251253860844,2288.7,False,True,False,False,True,False,False,False,False,True,False,True,False,False,False,True,False,False,False,False,False,True,False,False,False,False,0
0,69,116.91658950440444,7007.6,True,True,True,True,False,True,True,False,False,False,False,False,False,True,False,False,False,True,False,True,False,False,True,True,False,False,1
1,33,98.12735079583312,2656.5,False,True,False,True,False,True,True,False,False,False,False,True,False,False,False,False,False,False,False,False,False,False,True,False,False,False,1
0,42,34.834472136856526,835.5,True,True,False,True,False,False,False,True,True,False,True,False,True,False,True,False,True,False,True,False,False,True,False,False,True,False,0
0,52,38.98276424144076,1270.25,False,True,True,True,False,True,False,True,True,False,True,False,True,False,True,False,True,False,True,False,False,True,True,False,False,False,0
0,68,95.86215542699553,6302.85,True,True,False,True,False,True,False,False,False,True,False,True,False,True,False,True,False,True,False,True,False,True,True,True,False,False,0
0,1,30.889734530613236,19.4,True,False,False,True,False,False,False,True,True,False,True,False,True,False,True,False,True,False,True,False,False,False,False,False,False,True,1
0,55,70.70880388267751,3119.9,True,True,True,True,False,False,False,False,False,False,False,False,False,True,False,True,False,False,False,False,False,True,True,True,False,False,0
0,3,92.51593313319698,200.2,False,True,True,True,False,False,True,False,False,False,False,False,False,False,False,False,False,False,False,False,False,False,True,False,True,False,0
1,57,85.02041734129612,4003.0,False,False,False,True,False,False,False,False,False,True,False,False,False,True,False,True,False,True,False,False,False,True,False,False,False,False,0
0,4,49.66764480804463,118.4,True,False,False,False,True,False,False,False,False,False,False,False,False,False,False,True,False,False,False,False,False,False,False,False,True,False,0
0,22,92.41194350481913,1706.45,False,True,False,True,False,False,True,False,False,False,False,False,False,False,False,False,False,True,False,False,False,False,True,True,False,False,0
1,72,114.34940967447608,6697.35,False,True,False,True,False,True,False,False,False,True,False,True,False,True,False,True,False,True,False,True,False,True,True,False,False,False,1
0,33,96.07639812984499,2888.7,False,True,True,True,False,True,True,False,False,False,False,True,False,True,False,True,False,False,False,False,False,False,False,True,False,False,0
0,1,71.22169352978254,59.2,False,False,True,True,False,False,False,False,False,False,False,False,False,True,False,False,False,False,False,True,False,False,False,False,True,False,1
1,72,121.2293152152541,7748.75,False,False,False,True,False,True,True,False,False,True,False,True,False,True,False,True,False,False,False,True,False,True,True,False,False,False,1
0,3,40.75196893238104,78.25,True,True,False,False,True,False,False,False,False,False,False,False,False,False,False,False,False,False,False,False,False,False,False,False,False,True,0
0,40,108.26012248237517,3532.25,False,False,False,True,False,True,True,False,False,False,False,False,False,False,False,False,False,False,False,True,False,False,False,False,False,False,0
0,18,52.76244977208574,553.0,False,False,True,False,True,False,False,False,False,False,False,False,False,False,False,False,False,False,False,True,False,False,True,False,True,False,1
0,72,37.399860714695585,1326.25,False,True,True,True,False,False,False,True,True,False,True,False,True,False,True,False,True,False,True,False,False,True,True,True,False,False,0
0,66,73.10047036437234,4189.7,True,True,True,True,False,True,False,False,False,False,False,False,False,True,False,False,False,True,False,False,False,True,True,False,False,False,0
0,33,103.6542223747223,2745.7,False,True,True,True,False,True,True,False,False,False,False,False,False,False,False,False,False,False,False,True,False,False,False,True,False,False,1
1,7,103.87552999691857,574.35,False,False,False,True,False,False,True,False,False,False,False,False,False,False,False,False,False,True,False,True,False,False,True,False,True,False,0
0,48,94.39849920978111,3581.4,False,False,False,True,False,True,False,False,False,False,False,True,False,True,False,True,False,True,False,False,True,False,True,False,False,False,0
0,70,127.2202542840727,7689.8,False,True,True,True,False,True,True,False,False,False,False,True,False,True,False,True,False,True,False,True,False,True,True,False,True,False,0
0,14,107.99636663142837,1258.6,False,True,True,True,False,True,True,False,False,False,False,False,False,True,False,False,False,False,False,True,False,False,True,False,True,False,1
0,40,102.70392263184118,3369.05,True,False,False,True,False,True,True,False,False,False,False,False,False,False,False,False,False,True,False,False,False,False,True,False,True,False,0
1,34,105.05391238388681,3217.55,False,True,False,True,False,True,True,False,False,False,False,True,False,True,False,False,False,False,False,True,False,False,True,False,True,False,1
0,72,40.89584321953909,1709.1,False,True,True,True,False,True,False,True,True,False,True,False,True,False,True,False,True,False,True,False,False,True,False,False,False,False,0
0,1,24.52266716823064,19.4,False,False,False,True,False,False,False,True,True,False,True,False,True,False,True,False,True,False,True,False,False,False,True,False,False,True,0
1,43,72.99593565073832,2342.2,False,True,False,False,True,False,False,False,False,False,False,True,False,True,False,False,False,True,False,True,False,False,False,True,False,False,1
0,72,104.4759534192949,6501.35,True,True,True,True,False,True,False,False,False,True,False,True,False,True,False,True,False,True,False,True,False,True,False,True,False,False,0
0,15,37.002373689802,272.95,False,True,True,True,False,False,False,True,True,False,True,False,True,False,True,False,True,False,True,False,False,False,False,False,False,True,0
0,26,70.92222964504278,1553.2,False,False,False,True,False,False,False,False,False,False,False,True,False,True,False,False,False,False,False,False,True,False,True,False,False,True,0
0,71,84.16550628984191,4692.55,True,True,True,True,False,True,False,False,False,True,False,False,False,False,False,False,False,True,False,False,True,False,True,False,True,False,0
0,42,29.539742228212447,761.85,False,True,True,True,False,False,False,True,True,False,True,False,True,False,True,False,True,False,True,False,True,False,True,False,True,False,0
0,72,121.52127942501383,8086.4,True,True,False,True,False,True,True,False,False,True,False,True,False,True,False,True,False,True,False,True,False,True,True,True,False,False,0
0,71,99.6994348697032,6239.05,False,True,True,True,False,True,False,False,False,True,False,True,False,True,False,True,False,True,False,True,False,True,True,True,False,False,0
0,49,66.57032724469653,2409.9,True,True,False,False,True,False,False,False,False,False,False,True,False,False,False,False,False,True,False,True,False,True,False,True,False,False,0
0,23,87.61757950575084,1756.6,False,False,False,True,False,True,False,False,False,False,False,False,False,False,False,True,False,True,False,True,True,False,True,False,False,True,0
0,50,120.27028284923787,5236.4,True,True,True,True,False,False,True,False,False,False,False,True,False,True,False,True,False,True,False,True,True,False,True,False,False,False,0
1,2,81.70850857322424,154.85,False,False,False,True,False,False,True,False,False,False,False,False,False,False,False,False,False,False,False,False,False,False,False,False,True,False,1
1,62,108.42335907023038,6019.35,False,True,True,True,False,True,True,False,False,False,False,True,False,True,False,False,False,False,False,True,False,False,True,True,False,False,0
0,1,36.06516471106116,24.2,True,False,True,False,True,False,False,False,False,False,False,False,False,False,False,False,False,False,False,False,False,False,False,False,False,True,0
0,1,57.28688120527077,45.6,True,False,False,True,False,False,False,False,False,False,False,False,False,False,False,False,False,False,False,False,False,False,False,False,False,True,0
0,7,89.52013509603451,497.3,False,False,False,True,False,False,True,False,False,False,False,False,False,False,False,False,False,False,False,False,False,False,True,False,False,True,0
0,69,104.69802960052829,5897.4,False,False,False,True,False,True,False,False,False,True,False,False,False,True,False,True,False,True,False,True,False,True,True,True,False,False,0
1,72,75.31372814257084,4732.35,True,True,True,False,True,False,False,False,False,True,False,True,False,True,False,True,False,True,False,True,False,True,True,False,False,False,0
0,71,129.09351790291453,7616.0,True,True,False,True,False,True,True,False,False,True,False,False,False,True,False,True,False,True,False,True,False,True,True,True,False,False,0
1,63,55.870008817466015,2298.9,True,True,False,False,True,False,False,False,False,True,False,False,False,False,False,True,False,False,False,False,True,False,False,False,False,False,0
0,43,56.153124885231136,1931.3,True,False,False,False,True,False,False,False,False,False,False,False,False,True,False,True,False,False,False,True,True,False,False,False,True,False,0
0,7,71.24410505108602,369.25,False,False,False,True,False,False,False,False,False,True,False,False,False,False,False,False,False,False,False,True,True,False,True,False,True,False,0
0,18,77.74508265553776,1074.65,True,True,False,True,False,True,False,False,False,False,False,True,False,False,False,False,False,False,False,False,False,False,False,True,False,False,0
1,19,73.32434092047245,1286.05,True,True,False,True,False,False,False,False,False,True,False,False,False,True,False,False,False,True,False,False,False,False,False,False,False,False,0
1,35,102.16326218555974,3180.5,True,False,False,True,False,True,True,False,False,True,False,False,False,False,False,False,False,False,False,True,False,False,False,True,False,False,0
1,33,104.92128093423267,3055.5,True,True,False,True,False,False,True,False,False,True,False,True,False,False,False,True,False,False,False,True,True,False,True,False,True,False,0
0,70,42.00103774508656,1360.25,True,True,True,True,False,False,False,True,True,False,True,False,True,False,True,False,True,False,True,False,False,True,False,True,False,False,0
0,7,55.39473176469719,256.6,True,True,False,False,True,False,False,False,False,True,False,True,False,False,False,False,False,False,False,False,False,False,False,False,False,True,0
0,13,49.203739624409934,300.8,False,False,False,False,True,False,False,False,False,False,False,False,False,False,False,False,False,False,False,False,False,False,True,False,True,False,1
0,50,35.427895237907336,938.95,True,True,True,True,False,False,False,True,True,False,True,False,True,False,True,False,True,False,True,False,True,False,True,False,False,True,0
1,4,103.15807439044444,360.1,False,False,False,True,False,True,True,False,False,False,False,False,False,False,False,False,False,False,False,True,False,False,True,False,True,False,1
0,4,76.46598314118845,272.15,False,False,False,True,False,False,False,False,False,True,False,True,False,False,False,True,False,False,False,False,False,False,True,False,False,True,1
0,57,108.32722227885087,5464.65,False,False,False,True,False,False,True,False,False,False,False,False,False,True,False,False,False,True,False,True,False,True,True,False,True,False,0
0,7,67.53536063590269,305.55,True,True,True,False,True,False,False,False,False,True,False,False,False,True,False,True,False,False,False,True,False,True,False,True,False,False,0
0,68,103.3545958769786,6148.45,False,False,False,True,False,True,False,False,False,True,False,True,False,True,False,True,False,True,False,True,False,True,True,False,True,False,0
0,19,56.66713557878737,839.65,False,True,False,True,False,False,False,False,False,False,False,False,False,False,False,False,False,False,False,False,False,False,False,False,False,True,0
0,9,102.24612448940977,857.25,False,False,False,True,False,True,True,False,False,False,False,False,False,False,False,False,False,True,False,True,False,False,False,False,True,False,1
1,24,46.29604039487072,933.3,False,True,False,False,True,False,False,False,False,False,False,False,False,True,False,False,False,False,False,True,False,False,True,True,False,False,1
0,3,86.22046872065103,194.2,False,False,False,True,False,False,True,False,False,False,False,False,False,False,False,False,False,False,False,False,False,False,True,False,True,False,0
1,14,110.07819794038028,1346.3,False,True,True,True,False,True,True,False,False,False,False,False,False,False,False,False,False,True,False,True,False,False,True,False,True,False,0
1,30,116.12293152967305,2758.15,False,False,False,True,False,True,True,False,False,True,False,True,False,True,False,False,False,False,False,False,False,False,False,True,False,False,1
0,18,113.53357076505617,1740.7,False,False,False,True,False,False,True,False,False,True,False,False,False,False,False,False,False,True,False,True,False,False,True,False,True,False,1
0,1,80.02063373511334,69.9,True,False,False,True,False,False,True,False,False,False,False,False,False,False,False,False,False,False,False,False,False,False,True,False,True,False,0
0,1,24.890754772511805,19.3,False,False,False,True,False,False,False,True,True,False,True,False,True,False,True,False,True,False,True,False,False,False,False,False,True,False,1
1,61,121.41865045168305,6405.0,False,True,False,True,False,True,True,False,False,False,False,True,False,True,False,False,False,True,False,True,True,False,True,True,False,False,1
0,30,113.66160318360339,2679.7,True,False,False,True,False,True,True,False,False,True,False,True,False,False,False,False,False,False,False,True,False,False,True,True,False,False,0
0,67,29.24230287904778,1430.95,True,False,False,True,False,False,False,True,True,False,True,False,True,False,True,False,True,False,True,False,False,True,False,False,False,False,0
0,41,88.68835975154585,3089.1,True,False,False,True,False,False,True,False,False,False,False,False,False,False,False,True,False,False,False,False,False,False,True,False,True,False,0
0,15,83.74303138205757,994.8,False,False,True,True,False,False,True,False,False,False,False,False,False,False,False,False,False,False,False,False,False,False,False,False,False,False,1
0,23,26.952973594393143,470.6,False,False,False,True,False,False,False,True,True,False,True,False,True,False,True,False,True,False,True,False,False,False,True,False,False,False,0
0,1,36.006558243359706,20.9,False,False,False,True,False,False,False,True,True,False,True,False,True,False,True,False,True,False,True,False,False,False,False,False,False,True,1
0,69,35.726317759858645,1403.1,True,True,True,True,False,False,False,True,True,False,True,False,True,False,True,False,True,False,True,False,True,False,True,True,False,False,0
1,36,103.03915986710848,3186.7,True,False,False,True,False,True,True,False,False,True,False,False,False,False,False,False,False,True,False,False,False,False,True,False,True,False,1
0,41,59.99921024677829,1841.9,False,False,True,True,False,False,False,False,False,False,False,False,False,False,False,False,False,False,False,False,False,False,False,False,False,False,0
0,59,86.0900978120999,4693.2,False,True,False,True,False,True,False,False,False,False,False,True,False,False,False,True,False,True,False,True,True,False,True,False,True,False,0
0,31,72.72855288415376,1910.75,False,True,False,True,False,False,False,False,False,True,False,False,False,False,False,True,False,False,False,True,True,False,True,False,True,False,0
0,21,123.64801048510513,2157.95,True,True,True,True,False,True,True,False,False,False,False,True,False,True,False,False,False,True,False,True,False,False,False,False,True,False,1
0,10,75.00480104420099,660.05,False,True,True,True,False,False,False,False,False,False,False,True,False,True,False,False,False,False,False,True,True,False,True,False,False,True,0
0,49,103.80848903098007,4345.0,False,True,True,True,False,False,False,False,False,True,False,True,False,True,False,True,False,True,False,True,True,False,True,False,False,True,0
0,18,66.41893975819448,913.3,False,False,False,True,False,True,False,False,False,False,False,False,False,False,False,False,False,False,False,False,False,False,True,False,True,False,0
0,50,91.39668284466934,4164.4,False,True,True,True,False,True,False,False,False,False,False,True,False,True,False,True,False,True,False,True,True,False,True,True,False,False,0
0,2,80.44614467287602,111.4,False,False,False,True,False,False,False,False,False,False,False,False,False,True,False,False,False,False,False,True,False,False,False,False,True,False,0
0,2,94.66526386252976,184.1,False,False,False,True,False,False,True,False,False,False,False,False,False,False,False,False,False,False,False,True,False,False,False,False,True,False,1
0,60,102.53228184145019,4663.4,True,True,True,True,False,False,False,False,False,True,False,True,False,False,False,True,False,True,False,True,False,False,True,True,False,False,0
0,61,41.13251940865358,1417.9,False,True,False,True,False,True,False,True,True,False,True,False,True,False,True,False,True,False,True,False,False,True,False,False,False,True,0
1,14,117.83488942176865,1273.3,True,False,False,True,False,True,True,False,False,False,False,False,False,False,False,False,False,True,False,True,False,False,True,False,True,False,0
0,53,79.22695612912878,3184.25,True,True,False,False,True,False,False,False,False,False,False,True,False,True,False,True,False,True,False,True,True,False,True,False,True,False,1
0,17,49.99928472816158,646.05,False,True,False,False,True,False,False,False,False,False,False,True,False,True,False,False,False,False,False,False,False,False,True,True,False,False,0
0,6,105.2787759708506,514.6,False,False,False,True,False,False,True,False,False,False,False,True,False,False,False,False,False,False,False,True,False,False,True,False,False,True,0
0,21,79.7777386456086,1336.8,False,False,True,True,False,False,False,False,False,True,False,False,False,True,False,False,False,False,False,True,True,False,False,False,False,True,0
0,68,108.74039417632207,7173.15,True,True,True,True,False,False,True,False,False,True,False,True,False,True,False,False,False,True,False,True,False,True,True,False,False,False,0
0,1,76.13014867156937,59.85,True,False,False,True,False,True,False,False,False,False,False,False,False,False,False,False,False,True,False,False,False,False,True,False,True,False,1
0,67,86.45960377117642,4653.25,True,True,True,True,False,True,False,False,False,True,False,True,False,True,False,True,False,False,False,False,True,False,True,True,False,False,0
0,6,37.58250821913101,130.5,True,False,False,True,False,False,False,True,True,False,True,False,True,False,True,False,True,False,True,False,False,False,False,False,False,False,0
0,7,43.658360320216175,189.95,False,False,False,False,True,False,False,False,False,False,False,False,False,False,False,False,False,False,False,False,False,False,False,False,False,False,0
0,47,38.816708105522665,1016.7,False,True,True,True,False,False,False,True,True,False,True,False,True,False,True,False,True,False,True,False,False,True,False,True,False,False,0
0,69,104.46178526048014,5601.4,True,True,True,True,False,True,False,False,False,False,False,True,False,True,False,True,False,True,False,True,False,True,True,False,False,False,0
0,63,104.53218656137642,5224.5,False,True,False,True,False,False,True,False,False,True,False,False,False,True,False,False,False,False,False,False,True,False,True,True,False,False,0
0,2,36.16831052643474,31.55,False,False,False,True,False,False,False,True,True,False,True,False,True,False,True,False,True,False,True,False,False,False,False,False,False,True,1
0,9,88.26977635891312,724.65,True,False,False,True,False,True,True,False,False,False,False,False,False,False,False,False,False,False,False,False,False,False,True,False,True,False,0
0,24,35.26484820022721,469.65,True,True,True,True,False,False,False,True,True,False,True,False,True,False,True,False,True,False,True,False,True,False,True,True,False,False,0
0,9,90.36736928742663,653.25,True,False,False,True,False,False,False,False,False,True,False,False,False,True,False,True,False,True,False,False,False,False,True,False,False,True,0
0,52,37.51174052282825,1334.5,True,False,True,True,False,True,False,True,True,False,True,False,True,False,True,False,True,False,True,False,False,True,False,True,False,False,0
0,51,30.987396307836498,1028.75,False,True,True,True,False,False,False,True,True,False,True,False,True,False,True,False,True,False,True,False,False,True,False,False,False,True,0
0,12,33.63090255121995,246.7,False,False,False,True,False,False,False,True,True,False,True,False,True,False,True,False,True,False,True,False,False,False,False,False,False,True,0
0,27,62.15583441109615,1498.65,False,False,False,True,False,False,False,False,False,True,False,True,False,False,False,False,False,False,False,False,False,True,False,False,False,False,0
0,36,77.75629607273936,1893.5,False,False,False,True,False,True,False,False,False,True,False,False,False,False,False,False,False,False,False,False,True,False,False,False,False,True,0
0,28,69.78523534119086,1426.45,True,True,False,True,False,False,False,False,False,True,False,False,False,False,False,True,False,False,False,False,True,False,False,False,False,True,0
0,12,80.76030079997244,713.75,False,False,False,True,False,True,False,False,False,True,False,False,False,True,False,True,False,False,False,False,False,False,True,False,False,True,1
0,34,122.8890515317593,3634.8,False,False,False,True,False,False,True,False,False,False,False,True,False,True,False,True,False,True,False,True,False,False,True,False,True,False,0
0,10,76.19595594009613,740.0,True,False,False,True,False,False,True,False,False,False,False,False,False,False,False,False,False,False,False,False,False,False,True,False,True,False,1
0,15,74.48211134905469,892.65,False,False,False,True,False,False,False,False,False,False,False,False,False,True,False,False,False,False,False,True,False,False,True,False,True,False,1
0,33,86.42630436312632,2018.4,True,True,False,True,False,False,False,False,False,True,False,True,False,False,False,True,False,False,False,False,False,True,True,False,False,True,0
1,37,60.50400317817755,1315.0,True,False,False,False,True,False,False,False,False,False,False,True,False,True,False,False,False,False,False,False,False,False,False,False,True,False,0
0,69,33.30358780943448,1442.65,False,True,True,True,False,False,False,True,True,False,True,False,True,False,True,False,True,False,True,False,True,False,True,True,False,False,0
0,19,90.25080579409803,1424.5,True,False,False,True,False,False,True,False,False,False,False,True,False,False,False,False,False,False,False,False,False,False,True,True,False,False,1
0,11,38.13917878144812,233.9,False,True,True,True,False,False,False,True,True,False,True,False,True,False,True,False,True,False,True,False,True,False,False,False,False,True,1
0,9,33.497333588479194,185.6,True,False,False,True,False,False,False,True,True,False,True,False,True,False,True,False,True,False,True,False,False,False,True,False,False,True,1
0,13,36.36717451611851,279.3,False,False,False,True,False,False,False,True,True,False,True,False,True,False,True,False,True,False,True,False,False,False,True,False,False,True,0
0,72,114.35243922089587,8375.05,True,True,False,True,False,True,True,False,False,True,False,True,False,True,False,True,False,True,False,True,False,True,False,True,False,False,0
0,32,80.67932028497255,2316.85,False,True,True,True,False,False,False,False,False,True,False,True,False,True,False,True,False,False,False,True,False,True,False,False,False,True,0
0,2,26.972198134815137,61.05,False,False,False,True,False,False,False,True,True,False,True,False,True,False,True,False,True,False,True,False,False,False,False,False,False,True,0
0,8,30.151684593626527,159.35,False,True,True,True,False,False,False,True,True,False,True,False,True,False,True,False,True,False,True,False,False,True,False,False,False,False,0
0,25,33.40690762125508,520.1,False,True,True,True,False,False,False,True,True,False,True,False,True,False,True,False,True,False,True,False,True,False,False,False,False,True,0
0,1,78.14094666629079,70.25,False,False,False,True,False,False,True,False,False,False,False,False,False,False,False,False,False,False,False,False,False,False,True,False,True,False,1
1,57,110.39372411467409,5427.05,True,True,False,True,False,True,True,False,False,False,False,True,False,True,False,False,False,False,False,True,False,False,True,False,False,False,1
0,14,66.56942012139567,765.45,False,False,False,True,False,False,False,False,False,False,False,True,False,False,False,False,False,False,False,False,False,False,False,False,True,False,0
0,56,104.69519533242004,5270.6,False,True,False,True,False,True,True,False,False,True,False,False,False,False,False,False,False,True,False,True,True,False,True,False,True,False,0
0,13,93.35116530509794,1033.95,True,False,True,True,False,False,True,False,False,False,False,False,False,False,False,False,False,True,False,False,False,False,True,True,False,False,0
0,39,67.38696157035952,2066.0,False,True,True,True,False,False,False,False,False,True,False,False,False,False,False,False,False,False,False,False,False,False,False,True,False,False,0
0,2,88.07523635228557,147.15,False,False,False,True,False,True,True,False,False,False,False,False,False,False,False,False,False,False,False,False,False,False,False,True,False,False,1
0,72,125.27671583381021,8012.75,False,False,False,True,False,True,True,False,False,False,False,True,False,True,False,True,False,True,False,True,False,True,True,False,False,False,1
1,57,100.53603717400797,5199.8,True,True,False,True,False,False,True,False,False,False,False,True,False,True,False,False,False,True,False,False,True,False,True,False,True,False,0
0,46,124.5494707557674,4903.2,True,False,False,True,False,True,True,False,False,False,False,True,False,True,False,True,False,True,False,True,False,True,False,False,True,False,0
0,72,50.71135179305932,1738.9,True,True,True,True,False,True,False,True,True,False,True,False,True,False,True,False,True,False,True,False,False,True,False,False,False,False,0
1,35,108.18242525933941,3653.35,False,True,False,True,False,True,True,False,False,True,False,True,False,False,False,True,False,True,False,False,False,False,True,False,False,False,1
1,54,126.9870334890455,6077.75,True,True,False,True,False,True,True,False,False,False,False,True,False,True,False,True,False,True,False,True,False,True,True,False,True,False,0
0,67,123.57737222231287,6689.0,False,True,True,True,False,True,True,False,False,True,False,False,False,True,False,True,False,False,False,True,True,False,True,False,False,False,0
0,36,35.321400095477316,666.75,True,True,False,True,False,False,False,True,True,False,True,False,True,False,True,False,True,False,True,False,True,False,False,False,False,True,0
0,29,80.418624565524,1964.6,True,False,False,True,False,True,False,False,False,False,False,True,False,True,False,False,False,False,False,True,True,False,False,True,False,False,0
0,17,89.31149399344055,1313.55,True,False,False,True,False,False,True,False,False,False,False,False,False,True,False,False,False,False,False,False,False,False,True,False,True,False,1
0,44,110.80821109909392,4378.35,True,False,False,True,False,False,True,False,False,False,False,False,False,True,False,True,False,True,False,True,False,True,False,False,False,False,0
1,2,44.17921682354675,78.65,False,False,False,False,True,False,False,False,False,False,False,False,False,True,False,False,False,False,False,False,False,False,True,False,True,False,1
0,52,73.00927957230503,3169.55,True,True,False,True,False,True,False,False,False,False,False,True,False,False,False,True,False,False,False,False,False,False,False,False,False,False,0
0,72,41.26232650032165,1304.8,True,True,False,True,False,False,False,True,True,False,True,False,True,False,True,False,True,False,True,False,False,True,False,True,False,False,0
0,38,101.81643935773072,3297.0,True,True,True,True,False,True,False,False,False,True,False,False,False,True,False,True,False,True,False,True,False,True,True,False,False,False,0
0,11,88.61451871706865,866.4,True,False,False,True,False,False,True,False,False,False,False,True,False,False,False,False,False,False,False,False,False,False,True,False,False,True,0
0,19,32.02314628974793,439.2,True,False,True,True,False,True,False,True,True,False,True,False,True,False,True,False,True,False,True,False,False,False,True,True,False,False,1
0,29,31.952972294373737,529.5,True,False,False,True,False,False,False,True,True,False,True,False,True,False,True,False,True,False,True,False,True,False,False,False,False,True,0
0,7,86.07064966751905,552.95,False,False,False,True,False,True,True,False,False,False,False,False,False,False,False,False,False,False,False,False,False,False,True,False,False,False,1
0,63,89.75515973521523,4448.8,True,True,False,True,False,False,False,False,False,True,False,True,False,False,False,True,False,True,False,False,True,False,False,True,False,False,0
0,6,34.918625529727635,124.4,True,False,False,True,False,False,False,True,True,False,True,False,True,False,True,False,True,False,True,False,True,False,False,False,False,True,0
0,26,59.40294053566336,1285.8,True,True,True,True,False,False,False,False,False,False,False,False,False,True,False,False,False,False,False,False,True,False,False,False,False,True,0
0,21,120.9620386952776,2110.15,False,True,True,True,False,False,True,False,False,False,False,True,False,True,False,True,False,True,False,True,False,False,True,False,True,False,1
0,18,49.098256825438206,550.35,True,False,False,False,True,False,False,False,False,True,False,False,False,True,False,False,False,False,False,False,False,False,False,False,False,True,0
0,25,99.71253911098951,2257.75,False,True,True,True,False,False,True,False,False,False,False,True,False,True,False,False,False,True,False,False,False,False,True,False,False,False,1
0,55,80.2658187607748,3157.0,True,True,True,True,False,False,False,False,False,True,False,False,False,False,False,False,False,False,False,True,True,False,False,True,False,False,0
0,54,32.72955801032704,1092.35,False,True,True,True,False,False,False,True,True,False,True,False,True,False,True,False,True,False,True,False,False,True,True,False,False,False,0
0,4,116.8885040703822,362.2,False,False,False,True,False,True,True,False,False,False,False,True,False,False,False,True,False,False,False,True,False,False,True,False,True,False,1
0,29,58.84061516938766,1332.4,True,True,False,False,True,False,False,False,False,False,False,False,False,False,False,False,False,True,False,True,False,False,True,False,True,False,0
0,22,111.887998023462,2234.95,True,True,False,True,False,True,True,False,False,True,False,False,False,False,False,True,False,True,False,False,False,False,False,True,False,False,0
0,72,124.89005054929827,7537.5,True,True,True,True,False,True,True,False,False,True,False,True,False,True,False,True,False,False,False,True,True,False,True,True,False,False,0
0,2,63.586562029598255,92.75,True,False,False,True,False,False,False,False,False,False,False,True,False,False,False,False,False,False,False,False,False,False,True,False,False,True,0
0,66,108.2914021692193,5965.95,False,False,False,True,False,True,False,False,False,True,False,True,False,True,False,True,False,True,False,True,False,True,True,True,False,False,1
0,11,94.4998040879058,834.2,True,True,True,True,False,True,True,False,False,False,False,False,False,False,False,False,False,False,False,False,False,False,True,False,True,False,1
0,30,77.43495108072267,1923.5,False,True,True,True,False,False,False,False,False,True,False,False,False,False,False,True,False,False,False,True,False,False,False,False,False,False,0
0,33,65.8452592569611,1758.9,False,True,False,True,False,False,False,False,False,False,False,False,False,False,False,True,False,False,False,False,True,False,True,False,False,True,0
0,7,82.74107695569747,488.65,True,False,False,True,False,False,True,False,False,False,False,False,False,False,False,False,False,False,False,False,False,False,False,False,False,False,0
0,5,30.72136976832228,93.55,True,False,False,True,False,False,False,True,True,False,True,False,True,False,True,False,True,False,True,False,False,False,False,False,False,False,0
0,44,30.633356958706436,905.55,True,False,False,True,False,False,False,True,True,False,True,False,True,False,True,False,True,False,True,False,False,True,False,True,False,False,0
1,53,104.12774744482861,5016.25,False,True,False,True,False,True,True,False,False,False,False,False,False,False,False,False,False,True,False,True,True,False,True,True,False,False,0
0,36,68.65970782808449,1815.0,False,True,True,True,False,False,False,False,False,True,False,False,False,False,False,False,False,False,False,False,False,False,False,True,False,False,0
0,64,125.07839196573731,6794.75,False,True,False,True,False,True,True,False,False,False,False,True,False,False,False,True,False,True,False,True,False,True,True,False,False,False,0
0,22,89.09538241493884,1498.2,False,True,True,True,False,False,False,False,False,False,False,True,False,False,False,False,False,True,False,True,True,False,True,False,False,False,1
0,19,63.42749382079526,910.45,True,True,True,True,False,True,False,False,False,False,False,False,False,False,False,False,False,False,False,False,False,False,False,True,False,False,0
0,43,101.72840943986301,3539.25,True,True,False,True,False,False,True,False,False,True,False,False,False,True,False,True,False,False,False,False,True,False,True,False,False,False,0
0,22,35.09363358173244,450.65,False,False,False,True,False,False,False,True,True,False,True,False,True,False,True,False,True,False,True,False,True,False,False,False,False,False,0
0,35,36.26177436016861,759.35,True,True,True,True,False,False,False,True,True,False,True,False,True,False,True,False,True,False,True,False,False,True,False,False,False,False,0
0,61,72.75466189873136,3088.75,False,True,True,False,True,False,False,False,False,True,False,True,False,False,False,True,False,False,False,True,True,False,True,False,False,False,1
0,1,82.5886235564748,69.9,True,False,False,True,False,False,True,False,False,False,False,False,False,False,False,False,False,False,False,False,False,False,True,False,True,False,1
1,1,66.4285392043235,45.1,True,False,False,True,False,False,False,False,False,False,False,False,False,False,False,False,False,False,False,False,False,False,False,False,True,False,1
0,1,34.329562221391924,20.05,True,False,False,True,False,False,False,True,True,False,True,False,True,False,True,False,True,False,True,False,False,False,False,False,False,True,0
0,49,73.07387647822667,2970.3,True,True,True,True,False,False,False,False,False,True,False,True,False,False,False,True,False,False,False,False,False,False,False,True,False,False,0
0,50,34.38924410803716,1013.2,True,True,False,True,False,False,False,True,True,False,True,False,True,False,True,False,True,False,True,False,False,True,False,False,True,False,0
0,53,107.05830186602626,4779.45,True,True,True,True,False,False,True,False,False,False,False,True,False,False,False,True,False,True,False,False,False,False,True,False,True,False,0
0,58,76.82658689864418,3505.1,False,True,False,True,False,True,False,False,False,False,False,True,False,False,False,True,False,False,False,False,False,True,True,True,False,False,0
0,2,58.818436057459564,72.4,False,False,False,False,True,False,False,False,False,True,False,True,False,False,False,False,False,False,False,True,False,False,True,False,True,False,1
0,1,105.28654106632752,79.5,True,False,False,True,False,False,True,False,False,False,False,False,False,False,False,False,False,True,False,False,False,False,True,False,True,False,1
1,18,74.74610590987614,1011.05,True,True,False,True,False,False,False,False,False,True,False,False,False,False,False,False,False,False,False,True,False,False,True,True,False,False,0
0,31,109.72340152932453,3019.5,True,True,False,True,False,True,True,False,False,False,False,True,False,True,False,False,False,True,False,False,False,False,False,False,True,False,1
0,26,98.46440959841573,2281.6,True,False,False,True,False,True,True,False,False,False,False,False,False,True,False,True,False,False,False,False,False,False,True,False,False,True,0
0,1,65.04641709945709,50.45,False,True,True,True,False,False,False,False,False,False,False,False,False,True,False,False,False,False,False,False,False,False,False,False,False,True,1
0,19,36.321796408608016,386.5,True,False,False,True,False,False,False,True,True,False,True,False,True,False,True,False,True,False,True,False,True,False,True,True,False,False,0
0,51,44.79728600263368,1222.25,True,True,True,True,False,True,False,True,True,False,True,False,True,False,True,False,True,False,True,False,False,True,True,False,False,True,0
0,22,122.89622834216202,2180.55,True,True,False,True,False,False,True,False,False,True,False,True,False,False,False,True,False,True,False,True,False,False,True,False,True,False,0
0,7,84.4105264174354,472.65,False,False,True,True,False,False,True,False,False,False,False,False,False,False,False,False,False,False,False,False,False,False,True,False,True,False,0
0,71,118.28057082972839,7472.15,True,True,False,True,False,True,True,False,False,False,False,True,False,True,False,False,False,True,False,True,True,False,True,False,False,False,0
0,3,68.36693623763311,123.65,True,False,False,True,False,False,False,False,False,False,False,False,False,False,False,False,False,False,False,False,False,False,True,False,True,False,1
0,59,86.0461862042209,4786.1,False,False,False,True,False,True,False,False,False,True,False,True,False,True,False,True,False,False,False,True,True,False,False,True,False,False,1
0,1,40.07782820090299,19.4,False,False,False,True,False,False,False,True,True,False,True,False,True,False,True,False,True,False,True,False,False,False,False,True,False,False,0
0,1,31.459417554623716,19.75,True,False,False,True,False,False,False,True,True,False,True,False,True,False,True,False,True,False,True,False,False,False,False,False,False,True,0
0,63,105.08267665541369,5597.65,True,True,True,True,False,True,False,False,False,True,False,True,False,True,False,True,False,True,False,True,False,True,True,True,False,False,0
0,33,111.32023257758922,3124.5,False,True,True,True,False,False,True,False,False,False,False,False,False,True,False,False,False,True,False,True,True,False,True,False,True,False,1
0,72,134.53548690585018,8456.75,False,True,True,True,False,True,True,False,False,True,False,True,False,True,False,True,False,True,False,True,False,True,True,True,False,False,0
1,55,69.22219417029375,2838.55,False,True,False,True,False,True,False,False,False,False,False,False,False,False,False,False,False,False,False,False,False,False,False,False,False,False,0
0,19,70.65502494538964,1130.85,False,True,False,True,False,False,False,False,False,False,False,True,False,False,False,False,False,False,False,True,False,False,True,False,False,True,0
0,9,31.27348145370016,178.8,True,False,False,True,False,False,False,True,True,False,True,False,True,False,True,False,True,False,True,False,False,False,False,False,False,True,0
0,41,84.83308780322422,3211.2,False,True,True,True,False,True,False,False,False,True,False,True,False,True,False,False,False,True,False,False,True,False,True,True,False,False,0
0,14,104.41783192724736,1301.0,False,True,True,True,False,True,True,False,False,False,False,False,False,False,False,True,False,True,False,False,False,False,True,False,True,False,1
0,55,106.2653623664934,4959.6,False,True,False,True,False,True,True,False,False,True,False,False,False,False,False,False,False,True,False,False,False,False,True,False,False,False,0
0,1,70.61635205268882,55.05,True,False,False,True,False,False,False,False,False,False,False,False,False,True,False,True,False,False,False,False,False,False,False,False,False,True,0
1,26,99.83503887905715,2351.8,False,False,False,True,False,False,True,False,False,False,False,False,False,False,False,False,False,True,False,True,False,False,True,False,True,False,1
0,5,96.0691257589275,425.9,False,False,False,True,False,False,True,False,False,False,False,False,False,False,False,True,False,False,False,True,False,False,True,True,False,False,1
0,1,36.320462409052084,20.2,True,False,False,True,False,False,False,True,True,False,True,False,True,False,True,False,True,False,True,False,False,False,True,False,False,False,1
0,40,111.16182648787576,3915.4,False,True,True,True,False,True,True,False,False,False,False,True,False,True,False,False,False,True,False,False,False,False,True,True,False,False,0
0,37,37.24816586606788,683.75,False,True,True,True,False,False,False,True,True,False,True,False,True,False,True,False,True,False,True,False,False,False,False,False,True,False,0
0,11,38.36964092662981,250.8,True,True,True,True,False,False,False,True,True,False,True,False,True,False,True,False,True,False,True,False,False,False,True,False,True,False,0
0,68,60.74647795222836,2796.35,True,False,False,False,True,False,False,False,False,False,False,False,False,True,False,False,False,False,False,True,False,False,True,False,False,False,0
1,17,95.57438710325323,1463.45,False,True,False,True,False,True,True,False,False,True,False,False,False,True,False,False,False,False,False,False,False,False,True,False,False,False,1
0,72,114.36110277707715,6719.9,True,True,False,True,False,True,False,False,False,True,False,True,False,True,False,True,False,True,False,True,False,True,False,True,False,False,0
1,53,106.53304883795926,5549.4,True,True,False,True,False,True,True,False,False,False,False,True,False,False,False,False,False,True,False,True,False,False,True,False,True,False,1
0,1,31.361012174479356,20.2,True,True,True,True,False,False,False,True,True,False,True,False,True,False,True,False,True,False,True,False,True,False,True,False,True,False,0
0,28,72.21892975456105,1517.5,False,False,False,True,False,False,False,False,False,False,False,True,False,False,False,True,False,False,False,False,False,False,False,False,False,False,0
0,24,104.92192150788668,2072.75,False,False,False,True,False,True,True,False,False,False,False,False,False,True,False,False,False,True,False,False,False,False,True,True,False,False,0
0,15,103.41556678529214,1667.25,True,True,True,True,False,False,True,False,False,True,False,False,False,False,False,True,False,True,False,True,True,False,False,False,True,False,0
0,0,27.48120616991968,0.0,True,False,True,True,False,False,False,True,True,False,True,False,True,False,True,False,True,False,True,False,False,True,False,False,False,True,0
0,22,105.75789418597688,2001.5,True,False,True,True,False,False,True,False,False,False,False,True,False,True,False,False,False,True,False,False,False,False,True,False,True,False,1
0,1,81.13803037880565,69.1,True,False,False,True,False,False,True,False,False,False,False,False,False,False,False,False,False,False,False,False,False,False,True,False,True,False,1
1,50,79.40906975550784,3444.85,False,True,False,True,False,False,True,False,False,False,False,False,False,False,False,False,False,False,False,False,False,False,True,False,True,False,1
0,49,74.92883311949346,2780.6,False,True,False,False,True,False,False,False,False,False,False,True,False,False,False,True,False,True,False,True,True,False,True,True,False,False,0
1,23,107.95547084969922,2117.25,True,True,False,True,False,False,True,False,False,False,False,False,False,False,False,False,False,True,False,True,False,False,True,False,True,False,0
0,43,37.48563583868828,1110.05,True,False,False,True,False,True,False,True,True,False,True,False,True,False,True,False,True,False,True,False,False,True,False,False,False,False,0
0,34,59.26200790485244,1815.3,False,True,False,True,False,False,False,False,False,False,False,False,False,False,False,True,False,False,False,False,False,False,False,False,False,False,0
0,32,92.2261233394673,2447.95,True,True,False,True,False,True,True,False,False,False,False,False,False,True,False,False,False,False,False,False,False,False,True,False,True,False,1
0,66,38.84976742700524,1697.7,True,False,False,True,False,True,False,True,True,False,True,False,True,False,True,False,True,False,True,False,False,True,False,False,False,True,0
0,71,35.06421221791859,1654.6,True,False,True,True,False,True,False,True,True,False,True,False,True,False,True,False,True,False,True,False,False,True,False,False,False,True,0
1,35,82.43650240089703,2419.0,False,False,False,True,False,False,True,False,False,False,False,False,False,False,False,False,False,False,False,False,False,False,False,False,True,False,0
0,65,72.93583423954117,3808.2,False,True,False,True,False,False,False,False,False,False,False,False,False,False,False,True,False,True,False,False,False,True,True,True,False,False,0
0,9,68.14189843640976,501.2,False,True,True,True,False,True,False,False,False,False,False,True,False,False,False,False,False,False,False,False,False,False,True,False,False,True,0
0,5,108.66539710560409,486.85,False,False,False,True,False,True,True,False,False,False,False,False,False,False,False,False,False,True,False,True,False,False,True,False,False,True,1
0,19,34.6614432192901,367.55,False,False,False,True,False,False,False,True,True,False,True,False,True,False,True,False,True,False,True,False,False,False,False,False,False,True,1
0,14,91.48660080578932,1122.4,False,True,False,True,False,False,True,False,False,False,False,False,False,False,False,False,False,False,False,True,False,False,True,False,True,False,0
0,47,36.866337165566776,890.5,False,True,True,True,False,False,False,True,True,False,True,False,True,False,True,False,True,False,True,False,False,True,False,False,False,False,0
0,22,101.13767870423553,1949.4,True,False,True,True,False,True,True,False,False,False,False,True,False,False,False,False,False,True,False,False,False,False,True,True,False,False,1
1,24,94.05327415346154,1712.7,True,False,False,True,False,True,True,False,False,False,False,False,False,False,False,False,False,False,False,False,False,False,True,False,True,False,1
0,60,125.70206953972213,6333.8,False,False,False,True,False,True,True,False,False,False,False,True,False,True,False,False,False,True,False,True,False,True,False,False,True,False,0
1,54,93.92494072120796,4350.1,False,False,False,True,False,True,False,False,False,True,False,True,False,False,False,True,False,True,False,True,True,False,False,False,False,False,1
0,37,104.95481980221811,3382.3,False,False,False,True,False,True,True,False,False,True,False,True,False,True,False,False,False,False,False,False,False,False,False,False,False,False,0
0,3,31.70753198553406,67.1,True,False,False,True,False,False,False,True,True,False,True,False,True,False,True,False,True,False,True,False,False,False,True,True,False,False,0
0,50,109.84007876001101,4858.7,True,True,False,True,False,True,True,False,False,False,False,True,False,False,False,False,False,True,False,True,True,False,True,False,True,False,0
0,12,93.23442919497265,947.3,False,False,False,True,False,False,True,False,False,False,False,False,False,False,False,False,False,False,False,True,False,False,False,False,False,False,1
0,28,75.28396505992774,1646.45,False,False,False,True,False,False,False,False,False,False,False,False,False,True,False,False,False,True,False,False,False,False,True,False,False,False,0
0,61,114.15436129506256,5971.25,False,True,False,True,False,True,True,False,False,False,False,True,False,False,False,False,False,True,False,True,False,True,True,False,False,False,0
0,29,41.49576265066216,535.05,True,False,True,True,False,False,False,True,True,False,True,False,True,False,True,False,True,False,True,False,True,False,False,False,False,True,0
0,62,39.275478934239985,1218.45,True,True,True,True,False,False,False,True,True,False,True,False,True,False,True,False,True,False,True,False,False,True,False,True,False,False,0
1,69,41.77192230131568,2134.3,True,True,False,False,True,False,False,False,False,False,False,False,False,True,False,False,False,False,False,False,True,False,True,True,False,False,0
0,47,113.92229779699787,4730.6,False,False,False,True,False,False,True,False,False,True,False,False,False,True,False,True,False,True,False,True,True,False,True,False,True,False,1
0,6,62.65478927089649,273.25,False,True,True,True,False,True,False,False,False,False,False,False,False,False,False,False,False,False,False,False,False,False,True,True,False,False,0
1,72,111.161035720217,6735.05,True,True,False,True,False,True,True,False,False,True,False,True,False,True,False,True,False,False,False,False,False,True,True,False,False,False,0
0,3,50.783157433228254,94.4,True,True,False,False,True,False,False,False,False,False,False,True,False,False,False,False,False,False,False,False,False,False,False,True,False,False,0
0,62,32.58080326464542,1244.8,True,True,True,True,False,False,False,True,True,False,True,False,True,False,True,False,True,False,True,False,True,False,False,False,False,False,0
0,10,108.37981901582626,832.05,False,False,False,True,False,False,True,False,False,True,False,False,False,False,False,False,False,True,False,False,False,False,True,False,False,True,1
1,11,118.31205651965819,997.65,False,False,False,True,False,True,True,False,False,False,False,False,False,False,False,False,False,True,False,True,False,False,True,False,False,False,1
0,13,35.06964645956473,218.55,True,True,True,True,False,False,False,True,True,False,True,False,True,False,True,False,True,False,True,False,True,False,False,False,False,True,0
0,20,34.61788551963624,395.6,False,True,True,True,False,False,False,True,True,False,True,False,True,False,True,False,True,False,True,False,True,False,False,False,False,False,0
0,3,52.121425384983304,130.75,True,False,False,False,True,False,False,False,False,False,False,False,False,True,False,False,False,True,False,False,False,False,True,False,False,True,1
0,55,81.95578534720295,3046.4,True,True,True,True,False,False,False,False,False,True,False,True,False,False,False,True,False,False,False,False,False,True,False,False,False,False,1
0,3,100.44248203747208,247.25,False,False,False,True,False,False,True,False,False,False,False,True,False,False,False,False,False,True,False,False,False,False,False,False,True,False,1
0,52,95.16616265545098,4433.3,False,True,True,True,False,False,True,False,False,False,False,True,False,True,False,True,False,False,False,False,False,False,False,False,False,False,0
0,3,123.89054338344295,323.25,True,False,False,True,False,True,True,False,False,False,False,True,False,True,False,False,False,True,False,True,False,False,True,False,False,False,0
0,48,114.96091656204561,4946.05,False,False,False,True,False,True,True,False,False,False,False,False,False,True,False,True,False,True,False,True,False,False,True,False,True,False,0
1,58,106.62825564060039,5458.8,False,True,False,True,False,True,True,False,False,False,False,True,False,False,False,False,False,True,False,True,True,False,True,False,False,False,0
0,25,93.44106767615806,2028.8,True,False,False,True,False,True,False,False,False,True,False,True,False,True,False,True,False,False,False,True,False,False,False,False,False,False,0
0,13,72.14623432055575,734.35,False,True,True,True,False,False,False,False,False,False,False,False,False,False,False,False,False,False,False,True,False,False,False,False,True,False,1
0,53,101.26699150883576,3942.45,True,True,True,True,False,True,False,False,False,False,False,False,False,True,False,True,False,True,False,True,True,False,True,False,False,True,0
0,1,47.28466212936811,19.65,True,False,False,True,False,False,False,True,True,False,True,False,True,False,True,False,True,False,True,False,False,False,False,False,False,False,0
0,9,102.00990165284506,754.65,False,True,True,True,False,True,True,False,False,False,False,False,False,False,False,False,False,True,False,False,False,False,True,False,False,False,1
0,43,36.01531611147213,1077.95,True,True,True,True,False,True,False,True,True,False,True,False,True,False,True,False,True,False,True,False,False,True,False,False,False,True,0
0,1,91.33766612052867,79.15,True,False,False,True,False,True,True,False,False,False,False,True,False,False,False,False,False,False,False,False,False,False,True,False,True,False,1
1,66,129.93497273280553,7076.35,True,True,True,True,False,True,True,False,False,False,False,True,False,True,False,True,False,True,False,True,True,False,True,False,True,False,0
0,66,37.462800217929825,1344.5,True,True,True,True,False,False,False,True,True,False,True,False,True,False,True,False,True,False,True,False,False,True,True,False,False,True,0
1,4,95.5987119081378,308.05,False,True,False,True,False,True,True,False,False,False,False,False,False,False,False,False,False,True,False,False,False,False,True,False,True,False,0
0,45,61.79799937716625,1840.75,True,False,False,False,True,False,False,False,False,True,False,False,False,True,False,True,False,False,False,False,True,False,False,False,False,False,0
0,72,40.00164056081244,1851.45,True,True,True,True,False,True,False,True,True,False,True,False,True,False,True,False,True,False,True,False,False,True,False,False,False,True,0
1,61,75.89357899335869,3965.05,False,True,True,True,False,True,False,False,False,False,False,False,False,True,False,False,False,True,False,False,True,False,True,False,True,False,0
0,52,122.56277224813365,5138.1,False,True,False,True,False,True,True,False,False,False,False,True,False,False,False,True,False,True,False,True,False,False,True,True,False,False,0
0,59,35.02644115147378,1192.3,True,False,False,True,False,False,False,True,True,False,True,False,True,False,True,False,True,False,True,False,False,True,True,False,False,False,0
0,24,108.38875967727736,2165.05,True,False,False,True,False,True,True,False,False,False,False,False,False,True,False,False,False,True,False,False,False,False,True,False,False,True,1
0,22,76.01821672504563,1441.8,False,False,False,True,False,False,False,False,False,False,False,True,False,True,False,False,False,True,False,False,True,False,False,False,False,False,0
0,45,28.65907288947143,930.45,True,False,False,True,False,False,False,True,True,False,True,False,True,False,True,False,True,False,True,False,True,False,True,False,True,False,1
0,52,89.00706877110079,4354.45,True,True,False,True,False,True,False,False,False,True,False,True,False,True,False,True,False,False,False,True,True,False,True,True,False,False,0
0,48,132.33318498023831,5067.45,True,False,False,True,False,True,True,False,False,False,False,True,False,True,False,False,False,True,False,True,False,True,True,False,False,False,0
0,20,40.29230488134807,482.8,False,True,False,False,True,False,False,False,False,False,False,False,False,False,False,False,False,False,False,False,False,False,True,False,True,False,1
0,10,39.18883149600144,184.4,False,True,False,True,False,False,False,True,True,False,True,False,True,False,True,False,True,False,True,False,True,False,False,False,False,True,0
0,67,84.80929901176344,4991.5,False,False,False,True,False,False,False,False,False,True,False,False,False,True,False,True,False,False,False,True,True,False,True,False,False,False,0
0,49,106.00630256788443,4872.45,True,True,True,True,False,True,True,False,False,False,False,False,False,True,False,False,False,True,False,True,False,False,True,False,True,False,1
1,1,77.37576387657069,69.95,False,False,False,True,False,False,True,False,False,False,False,False,False,False,False,False,False,False,False,False,False,False,True,False,True,False,1
1,15,95.03647915794065,1145.7,False,False,False,True,False,True,True,False,False,False,False,False,False,False,False,False,False,False,False,False,False,False,True,False,False,True,1
0,2,97.71079495518764,160.75,False,False,False,True,False,False,True,False,False,False,False,False,False,True,False,False,False,False,False,False,False,False,True,False,True,False,1
0,2,65.0424538722582,105.6,False,False,False,True,False,False,False,False,False,False,False,False,False,False,False,False,False,False,False,False,False,False,True,False,False,True,0
1,27,93.07556728321231,2135.5,False,False,False,True,False,True,True,False,False,False,False,False,False,True,False,False,False,False,False,False,False,False,True,False,True,False,1
0,20,107.29296229388686,1879.25,False,False,False,True,False,True,True,False,False,True,False,False,False,False,False,False,False,True,False,False,False,False,True,False,False,False,0
0,12,70.6360593753226,648.65,True,False,False,True,False,False,False,False,False,False,False,True,False,False,False,True,False,False,False,False,False,False,True,False,False,True,0
0,70,102.42321827907003,5589.45,False,False,False,True,False,False,False,False,False,True,False,False,False,True,False,True,False,True,False,True,False,True,False,False,False,False,0
0,17,39.28638215126165,440.2,True,False,False,False,True,False,False,False,False,False,False,False,False,False,False,False,False,False,False,False,False,False,True,False,False,True,0
0,1,76.30515333662237,55.7,True,True,False,True,False,False,False,False,False,True,False,False,False,True,False,False,False,False,False,False,False,False,False,False,False,True,1
1,29,47.41886345078098,1025.15,False,True,True,False,True,False,False,False,False,False,False,True,False,True,False,False,False,False,False,False,False,False,True,False,False,True,0
0,13,59.61754818000319,590.35,True,True,True,False,True,False,False,False,False,True,False,True,False,False,False,True,False,False,False,False,False,True,False,False,False,True,0
0,70,127.26803848970366,7968.85,True,True,False,True,False,True,True,False,False,True,False,True,False,True,False,True,False,True,False,True,True,False,False,True,False,False,1
0,5,103.57362566458195,426.35,True,False,False,True,False,False,True,False,False,False,False,False,False,False,False,False,False,False,False,True,False,False,False,False,False,True,0
0,67,76.61007580068184,3579.15,False,False,False,False,True,False,False,False,False,False,False,False,False,True,False,True,False,True,False,True,False,False,True,True,False,False,0
0,20,80.68889802216785,1540.35,False,True,False,True,False,False,True,False,False,False,False,False,False,False,False,False,False,False,False,False,False,False,True,False,False,False,0
0,2,73.22879869863529,139.25,False,False,False,True,False,False,True,False,False,False,False,False,False,False,False,False,False,False,False,False,False,False,False,False,True,False,0
0,48,119.37342362875943,5037.55,False,True,True,True,False,True,True,False,False,True,False,True,False,False,False,False,False,True,False,True,True,False,True,True,False,False,1
1,1,87.0690828339261,74.3,True,True,False,True,False,True,True,False,False,False,False,False,False,False,False,False,False,False,False,False,False,False,False,False,True,False,1
0,59,81.32527344419522,4070.95,False,False,False,True,False,True,False,False,False,True,False,False,False,False,False,True,False,False,False,True,True,False,False,False,False,False,0
0,42,118.26263474600592,4222.95,True,False,False,True,False,True,True,False,False,False,False,False,False,False,False,True,False,True,False,True,False,False,True,False,True,False,0
0,13,122.04781821009306,1215.6,False,True,False,True,False,True,True,False,False,False,False,True,False,True,False,False,False,True,False,False,False,False,False,False,True,False,1
0,45,93.6673937037547,3597.5,True,True,False,True,False,False,False,False,False,True,False,True,False,True,False,False,False,True,False,True,True,False,False,False,False,False,1
0,1,64.76669724661346,48.55,True,False,False,True,False,False,False,False,False,True,False,False,False,False,False,False,False,False,False,False,False,False,True,False,False,True,1
0,25,83.65449735595568,1729.35,True,False,False,True,False,False,True,False,False,False,False,False,False,False,False,False,False,False,False,False,False,False,False,False,True,False,0
1,46,116.78182009377547,4564.9,True,True,False,True,False,True,True,False,False,False,False,False,False,True,False,False,False,True,False,True,False,False,True,False,True,False,0
0,45,100.38955128058768,3618.7,False,False,False,True,False,False,False,False,False,True,False,False,False,True,False,True,False,True,False,True,False,True,False,False,False,False,0
0,8,100.54611561302639,680.05,False,True,True,True,False,False,True,False,False,False,False,True,False,False,False,False,False,True,False,False,False,False,True,False,True,False,1
1,65,118.3384361766371,7082.45,False,True,False,True,False,True,True,False,False,False,False,True,False,True,False,False,False,True,False,True,False,False,True,False,False,False,0
0,10,33.16877775873758,247.0,False,False,False,True,False,False,False,True,True,False,True,False,True,False,True,False,True,False,True,False,False,False,True,False,False,True,0
0,1,30.488613653891903,19.5,False,False,False,True,False,False,False,True,True,False,True,False,True,False,True,False,True,False,True,False,False,False,True,False,False,True,0
0,3,84.05412068110309,222.3,False,False,False,True,False,False,True,False,False,False,False,False,False,False,False,False,False,False,False,False,False,False,True,False,False,False,1
0,46,69.4438696932565,2473.95,False,True,False,True,False,True,False,False,False,True,False,False,False,False,False,False,False,False,False,False,False,False,False,False,False,False,0
0,4,40.03917337911187,118.5,True,False,False,False,True,False,False,False,False,False,False,False,False,True,False,False,False,False,False,False,False,False,True,False,True,False,1
0,67,95.9039036277731,5229.45,False,True,True,True,False,True,False,False,False,True,False,False,False,False,False,False,False,True,False,True,False,True,True,False,True,False,0
1,72,132.4556121418967,8317.95,False,True,False,True,False,True,True,False,False,True,False,True,False,True,False,True,False,True,False,True,False,True,True,False,False,False,0
0,67,102.20533950415154,5798.3,True,True,False,True,False,True,True,False,False,False,False,True,False,False,False,False,False,True,False,False,True,False,True,False,False,False,0
0,71,115.41519325840837,7288.4,True,True,True,True,False,False,True,False,False,True,False,True,False,True,False,False,False,True,False,True,True,False,True,False,False,False,0
0,29,35.84327335983364,540.05,False,True,True,True,False,False,False,True,True,False,True,False,True,False,True,False,True,False,True,False,True,False,False,False,True,False,0
0,49,34.586863500295905,1024.65,False,False,True,True,False,False,False,True,True,False,True,False,True,False,True,False,True,False,True,False,False,True,False,True,False,False,0
0,72,113.42659262139547,7559.55,True,True,True,True,False,False,True,False,False,True,False,False,False,True,False,True,False,True,False,True,False,True,True,True,False,False,0
1,10,93.63600134517831,851.75,True,True,False,True,False,True,True,False,False,False,False,False,False,False,False,False,False,False,False,True,False,False,False,False,True,False,1
0,72,39.1951691709046,1776.0,False,True,False,True,False,True,False,True,True,False,True,False,True,False,True,False,True,False,True,False,False,True,True,False,False,True,0
0,54,39.459370696931614,1230.9,True,True,True,True,False,True,False,True,True,False,True,False,True,False,True,False,True,False,True,False,False,True,True,False,False,False,1
1,28,46.73822213447885,973.65,False,True,True,False,True,False,False,False,False,False,False,False,False,False,False,False,False,True,False,False,False,False,True,False,True,False,0
0,12,117.69198311564269,1173.55,True,False,False,True,False,True,True,False,False,False,False,False,False,False,False,False,False,True,False,True,False,False,False,False,True,False,0
1,13,68.1982634590284,731.3,False,False,False,True,False,False,False,False,False,False,False,True,False,True,False,False,False,False,False,False,False,False,True,False,True,False,0
1,65,123.30208111187744,7047.5,False,True,True,True,False,True,True,False,False,False,False,True,False,True,False,False,False,True,False,True,True,False,True,False,True,False,0
0,62,104.73291153593769,5755.8,False,False,False,True,False,True,True,False,False,True,False,True,False,True,False,False,False,False,False,False,True,False,True,False,True,False,0
1,41,74.11232630275573,2215.4,True,True,False,False,True,False,False,False,False,False,False,True,False,True,False,False,False,True,False,True,False,False,True,False,True,False,0
1,45,95.38497543634757,3861.45,False,True,False,True,False,False,True,False,False,False,False,False,False,True,False,False,False,False,False,True,False,False,True,False,True,False,0
0,67,34.82486520627428,1311.75,True,False,False,True,False,False,False,True,True,False,True,False,True,False,True,False,True,False,True,False,False,True,False,False,False,False,0
1,72,87.12742579344695,5329.0,True,True,False,True,False,True,False,False,False,False,False,False,False,True,False,False,False,True,False,True,False,True,True,True,False,False,0
0,45,30.908896583832636,886.4,False,True,True,True,False,False,False,True,True,False,True,False,True,False,True,False,True,False,True,False,False,True,True,False,False,False,0
0,2,62.71957067032331,87.9,True,False,False,True,False,False,False,False,False,False,False,False,False,False,False,False,False,False,False,False,False,False,True,False,False,False,0
0,47,74.49776357659667,2538.2,True,True,True,True,False,True,False,False,False,False,False,True,False,False,False,False,False,False,False,False,False,False,False,False,True,False,0
0,1,74.68874266829997,44.0,False,False,False,True,False,False,False,False,False,False,False,False,False,False,False,False,False,False,False,False,False,False,True,False,False,True,0
1,17,63.844642948933824,770.6,True,False,False,True,False,False,False,False,False,False,False,False,False,False,False,False,False,False,False,False,False,False,True,False,True,False,1
0,39,113.72511391289572,3835.55,True,True,True,True,False,True,True,False,False,False,False,False,False,True,False,False,False,True,False,True,True,False,False,False,True,False,0
0,49,40.64382850186051,1022.6,True,False,False,True,False,False,False,True,True,False,True,False,True,False,True,False,True,False,True,False,False,True,True,True,False,False,0
0,4,103.04307772785646,324.3,True,False,False,True,False,False,True,False,False,False,False,False,False,False,False,False,False,False,False,True,False,False,True,False,True,False,1
1,44,89.65745765249646,3268.05,False,False,False,True,False,False,False,False,False,False,False,False,False,True,False,True,False,True,False,True,True,False,False,False,False,False,0
0,5,64.2567393279607,286.8,False,False,True,True,False,False,False,False,False,False,False,False,False,False,False,True,False,False,False,False,False,False,True,False,False,True,0
0,4,83.90363068424976,229.55,True,True,True,True,False,False,False,False,False,False,False,False,False,False,False,True,False,False,False,True,False,False,False,True,False,False,1
0,0,101.13028404533026,0.0,False,True,True,True,False,False,False,False,False,True,False,True,False,True,False,False,False,True,False,True,False,True,False,False,False,True,0
0,20,104.73843843581557,1761.45,True,False,False,True,False,True,True,False,False,False,False,False,False,True,False,False,False,True,False,False,False,False,True,False,True,False,1
0,72,105.63436513563101,6397.6,True,True,True,True,False,True,False,False,False,True,False,True,False,True,False,True,False,True,False,True,False,True,True,True,False,False,0
0,30,59.79847800664553,1561.5,False,True,True,False,True,False,False,False,False,False,False,False,False,False,False,True,False,True,False,True,False,False,False,True,False,False,1
0,44,97.05637546129519,3626.35,True,True,False,True,False,True,True,False,False,True,False,False,False,True,False,False,False,False,False,False,False,False,True,True,False,False,0
0,56,132.29346814639928,6567.9,True,True,True,True,False,True,True,False,False,True,False,True,False,True,False,True,False,True,False,True,False,True,False,False,False,True,0
0,3,73.19558022832477,177.4,False,False,True,True,False,False,False,False,False,True,False,False,False,False,False,True,False,False,False,True,False,False,True,False,False,False,0
1,17,114.96643444064804,1622.45,True,True,False,True,False,True,True,False,False,False,False,False,False,True,False,False,False,True,False,True,False,False,True,True,False,False,1
0,43,81.04464499529142,2391.15,True,True,False,True,False,False,False,False,False,False,False,False,False,False,False,False,False,True,False,False,True,False,True,False,False,True,0
0,69,113.72083350021714,6744.2,False,True,False,True,False,False,True,False,False,False,False,True,False,False,False,False,False,True,False,True,True,False,True,True,False,False,0
0,12,124.2751763360433,1253.9,True,False,False,True,False,True,True,False,False,False,False,True,False,True,False,False,False,True,False,True,False,False,True,False,True,False,1
0,61,111.1085586104947,5638.3,True,True,False,True,False,True,True,False,False,False,False,True,False,False,False,True,False,True,False,False,False,True,True,False,True,False,1
0,39,114.68464087858065,3895.35,True,False,True,True,False,True,True,False,False,False,False,False,False,False,False,True,False,True,False,True,False,True,False,False,False,True,0
0,23,76.64290998192776,1509.8,True,False,False,True,False,False,False,False,False,False,False,False,False,False,False,False,False,True,False,True,True,False,True,False,False,False,0
0,1,37.92360734280885,19.75,True,False,False,True,False,False,False,True,True,False,True,False,True,False,True,False,True,False,True,False,False,False,True,True,False,False,0
0,51,104.12190873307621,4619.55,False,True,False,True,False,False,True,False,False,True,False,True,False,True,False,False,False,True,False,False,True,False,True,False,True,False,0
0,9,86.24964364998102,576.95,True,False,False,True,False,False,False,False,False,True,False,False,False,True,False,True,False,False,False,True,False,False,True,False,False,False,0
0,22,111.02418061847436,2162.6,True,False,False,True,False,True,True,False,False,False,False,False,False,False,False,False,False,True,False,True,False,False,True,False,True,False,0
0,69,95.44389764057082,5555.3,False,False,False,True,False,False,False,False,False,True,False,False,False,True,False,True,False,True,False,True,False,True,True,True,False,False,0
0,72,132.34272136336415,8468.2,True,True,True,True,False,True,True,False,False,True,False,True,False,True,False,True,False,True,False,True,False,True,True,True,False,False,0
0,4,81.58545202369673,266.9,False,False,False,True,False,False,True,False,False,False,False,False,False,False,False,False,False,False,False,False,False,False,True,True,False,False,0
0,38,89.35785475477178,2625.25,True,False,False,True,False,False,True,False,False,False,False,False,False,False,False,False,False,False,False,False,False,False,True,True,False,False,0
1,52,65.42210421650606,2550.9,True,False,False,False,True,False,False,False,False,False,False,True,False,False,False,False,False,True,False,True,False,False,True,False,True,False,1
0,1,36.15249839889533,20.2,False,False,False,True,False,False,False,True,True,False,True,False,True,False,True,False,True,False,True,False,False,False,True,False,False,True,1
0,6,60.690017390841,285.2,False,True,True,True,False,False,False,False,False,False,False,False,False,False,False,False,False,False,False,False,False,False,False,False,False,True,0
0,1,68.48004975672819,50.45,False,False,False,True,False,False,False,False,False,False,False,False,False,True,False,False,False,False,False,False,False,False,True,False,False,True,1
0,16,66.5189954872575,799.0,True,False,False,True,False,False,False,False,False,False,False,False,False,False,False,True,False,False,False,False,False,False,True,False,False,True,0
0,69,118.73735317681096,7493.05,False,True,True,True,False,True,True,False,False,False,False,True,False,True,False,True,False,True,False,True,True,False,True,False,False,False,0
0,22,98.87226150551692,1821.95,False,False,False,True,False,True,True,False,False,False,False,False,False,False,False,False,False,True,False,False,False,False,True,False,False,False,0
0,11,31.635699864233658,180.3,False,True,True,True,False,False,False,True,True,False,True,False,True,False,True,False,True,False,True,False,False,False,True,False,False,True,1
0,17,99.25525976566796,1451.6,False,True,True,True,False,True,True,False,False,False,False,False,False,False,False,False,False,False,False,True,False,False,True,False,True,False,1
1,1,83.92356170561145,69.85,False,False,False,True,False,False,True,False,False,False,False,False,False,False,False,False,False,False,False,False,False,False,True,False,True,False,1
0,4,99.42305941998565,321.65,False,False,False,True,False,True,True,False,False,False,False,False,False,False,False,False,False,True,False,False,False,False,True,False,True,False,1
0,41,105.28046444079561,3439.0,True,True,False,True,False,True,True,False,False,False,False,True,False,False,False,False,False,False,False,False,False,False,True,False,True,False,0
0,11,58.26562038634829,425.1,True,False,False,False,True,False,False,False,False,False,False,True,False,False,False,True,False,False,False,False,False,False,True,False,True,False,0
1,30,112.3188956322767,2967.35,False,False,False,True,False,True,True,False,False,False,False,True,False,False,False,False,False,True,False,True,False,False,True,False,True,False,1
0,38,35.71141994637712,749.35,False,True,True,True,False,False,False,True,True,False,True,False,True,False,True,False,True,False,True,False,True,False,False,False,False,True,0
0,71,113.74449061809625,6328.7,False,True,True,True,False,False,False,False,False,True,False,True,False,True,False,True,False,True,False,True,False,True,False,True,False,False,0
0,8,92.44289202210305,609.9,True,True,False,True,False,False,True,False,False,True,False,False,False,False,False,False,False,False,False,False,False,False,True,False,True,False,1
0,71,107.77672648344291,6994.6,True,True,False,True,False,True,True,False,False,True,False,True,False,True,False,False,False,True,False,False,False,True,True,False,True,False,0
0,9,37.08244237948996,191.1,False,True,True,True,False,False,False,True,True,False,True,False,True,False,True,False,True,False,True,False,False,True,False,False,False,True,0
0,67,113.16262911197099,6302.8,False,True,True,True,False,True,True,False,False,False,False,True,False,False,False,True,False,True,False,False,False,True,False,True,False,False,0
0,71,95.0561992577157,5708.2,True,False,False,True,False,True,False,False,False,True,False,True,False,True,False,True,False,False,False,True,False,True,False,False,False,False,0
0,7,41.756668259777435,112.3,True,False,False,True,False,False,False,True,True,False,True,False,True,False,True,False,True,False,True,False,False,False,False,False,True,False,1
0,7,88.16270849838294,564.65,False,False,False,True,False,True,True,False,False,False,False,False,False,False,False,False,False,False,False,False,False,False,True,False,True,False,0
0,32,93.30297142563214,3023.85,True,True,True,True,False,False,True,False,False,True,False,True,False,False,False,False,False,False,False,True,True,False,True,False,True,False,0
0,2,79.97929616623966,153.05,False,False,False,True,False,False,True,False,False,False,False,False,False,False,False,False,False,False,False,False,False,False,False,False,False,False,1
1,20,110.40819878474726,1859.5,False,True,False,True,False,False,True,False,False,False,False,False,False,False,False,False,False,True,False,True,True,False,True,False,False,False,0
0,8,94.70241090598682,535.55,False,False,False,True,False,False,True,False,False,False,False,True,False,False,False,False,False,False,False,False,False,False,False,False,True,False,0
1,54,118.97559866708875,5437.1,False,True,False,True,False,False,True,False,False,False,False,False,False,True,False,True,False,True,False,True,True,False,True,False,True,False,0
0,56,90.9563578836803,4261.2,True,True,True,True,False,True,False,False,False,True,False,True,False,False,False,True,False,False,False,True,False,True,True,True,False,False,1
0,43,32.895077595898684,817.95,False,True,True,True,False,False,False,True,True,False,True,False,True,False,True,False,True,False,True,False,True,False,False,False,False,True,0
0,72,130.34234213206267,7919.8,True,True,True,True,False,True,True,False,False,True,False,True,False,False,False,True,False,True,False,True,False,True,True,True,False,False,0
0,13,58.19712077267086,633.4,False,True,False,False,True,False,False,False,False,False,False,False,False,True,False,False,False,True,False,True,False,False,True,False,False,False,1
0,45,110.78663691654391,4285.8,False,True,False,True,False,False,True,False,False,False,False,False,False,False,False,True,False,True,False,True,False,True,True,True,False,False,0
0,14,40.84475298483683,275.7,True,False,False,True,False,False,False,True,True,False,True,False,True,False,True,False,True,False,True,False,True,False,False,False,False,False,0
0,8,96.05939151304095,576.7,False,False,False,True,False,True,True,False,False,False,False,False,False,False,False,False,False,False,False,False,False,False,True,False,True,False,0
0,3,41.582544832541785,57.4,False,False,True,True,False,False,False,True,True,False,True,False,True,False,True,False,True,False,True,False,True,False,True,True,False,False,0
0,39,60.198780697478725,1790.6,True,False,True,False,True,False,False,False,False,True,False,False,False,False,False,True,False,True,False,False,True,False,False,False,False,False,0
0,60,26.940170940514157,1258.15,True,True,False,True,False,False,False,True,True,False,True,False,True,False,True,False,True,False,True,False,False,True,False,False,False,True,0
0,21,107.9652464456096,1956.4,False,False,False,True,False,False,True,False,False,False,False,True,False,False,False,True,False,True,False,True,False,False,True,False,False,False,0
0,17,34.277770421169166,351.55,True,False,False,True,False,False,False,True,True,False,True,False,True,False,True,False,True,False,True,False,True,False,True,False,False,False,0
0,72,33.62906587835398,1679.25,False,True,True,True,False,True,False,True,True,False,True,False,True,False,True,False,True,False,True,False,False,True,False,False,False,False,0
0,67,54.213869525312845,2434.45,False,True,True,False,True,False,False,False,False,True,False,True,False,False,False,False,False,False,False,False,False,True,False,False,False,False,0
0,13,95.45179304377142,1008.7,True,False,False,True,False,False,True,False,False,False,False,False,False,False,False,False,False,False,False,True,False,False,True,False,True,False,1
0,32,107.52235028705117,3183.4,True,False,False,True,False,False,True,False,False,False,False,False,False,False,False,True,False,True,False,True,False,False,True,False,True,False,1
0,56,78.96063745535946,3282.75,False,False,False,True,False,False,False,False,False,True,False,False,False,True,False,True,False,False,False,False,True,False,True,True,False,False,0
0,55,106.06827303490655,5283.95,True,False,False,True,False,True,True,False,False,False,False,False,False,False,False,False,False,True,False,True,False,False,True,False,True,False,1
0,15,33.30938874821362,278.85,True,True,True,True,False,False,False,True,True,False,True,False,True,False,True,False,True,False,True,False,False,True,False,False,False,True,0
1,43,115.68838410949255,3953.15,True,True,False,True,False,True,True,False,False,False,False,True,False,False,False,True,False,True,False,False,False,False,True,False,True,False,0
0,4,39.266589835942014,97.5,False,False,False,True,False,True,False,True,True,False,True,False,True,False,True,False,True,False,True,False,True,False,False,False,True,False,1
0,2,110.1330456157818,193.8,False,False,True,True,False,True,True,False,False,False,False,False,False,False,False,False,False,True,False,True,False,False,True,False,False,False,1
1,57,119.98681145287836,5746.15,True,True,False,True,False,True,True,False,False,False,False,False,False,True,False,False,False,True,False,True,False,False,False,False,True,False,1
1,15,87.15957829251339,1156.1,True,False,False,True,False,False,True,False,False,False,False,False,False,False,False,False,False,False,False,True,False,False,True,False,True,False,1
0,23,100.18672788009997,1759.4,False,True,True,True,False,True,False,False,False,True,False,False,False,True,False,True,False,True,False,False,False,True,True,False,False,False,0
0,62,51.146268531252616,2337.45,True,True,False,False,True,False,False,False,False,False,False,False,False,False,False,True,False,True,False,False,False,True,True,False,False,False,0
0,8,63.70589138404994,393.45,True,True,False,True,False,False,False,False,False,False,False,True,False,False,False,False,False,False,False,False,False,False,True,False,False,False,0
0,72,43.21257499742546,1463.45,False,True,True,True,False,False,False,True,True,False,True,False,True,False,True,False,True,False,True,False,False,True,False,False,False,False,0
0,24,28.511084090175753,483.15,True,True,False,True,False,False,False,True,True,False,True,False,True,False,True,False,True,False,True,False,False,True,False,False,False,True,0
0,23,114.57278931758893,1943.2,True,False,False,True,False,True,True,False,False,False,False,False,False,False,False,True,False,True,False,False,False,False,True,False,True,False,1
0,10,55.30508180867557,298.45,True,False,False,False,True,False,False,False,False,False,False,False,False,False,False,False,False,False,False,True,False,False,True,False,False,True,1
0,16,84.5259071115216,1194.3,False,False,False,True,False,True,True,False,False,False,False,False,False,False,False,False,False,False,False,False,False,False,False,False,True,False,1
0,69,104.93972887823695,6460.55,True,True,False,True,False,True,True,False,False,False,False,True,False,False,False,True,False,True,False,False,False,True,True,False,False,True,0
0,4,69.37960684631636,223.75,False,False,True,False,True,False,False,False,False,True,False,True,False,True,False,False,False,True,False,True,False,False,True,False,False,True,0
0,23,96.54905367574294,1900.25,False,True,True,True,False,False,True,False,False,False,False,True,False,True,False,True,False,False,False,False,False,False,False,False,True,False,1
0,60,84.63359877671101,4765.0,False,False,False,True,False,True,True,False,False,False,False,False,False,True,False,False,False,False,False,False,True,False,True,False,False,False,0
0,1,68.49148039524816,50.8,False,False,False,True,False,False,False,False,False,False,False,False,False,False,False,True,False,False,False,False,False,False,True,False,True,False,1
0,67,119.31126848580502,6895.5,True,True,True,True,False,False,True,False,False,False,False,True,False,True,False,True,False,True,False,True,False,True,False,False,False,False,0
0,17,30.922514016037443,337.9,False,False,False,True,False,False,False,True,True,False,True,False,True,False,True,False,True,False,True,False,True,False,False,True,False,False,0
1,72,125.0752331446242,7447.7,True,True,True,True,False,False,True,False,False,True,False,False,False,True,False,True,False,True,False,True,False,True,True,True,False,False,0
0,1,73.43268607337075,59.55,True,False,True,True,False,False,False,False,False,False,False,False,False,False,False,True,False,False,False,True,False,False,True,False,False,True,0
0,3,43.49662461566613,92.25,True,True,False,False,True,False,False,False,False,False,False,False,False,False,False,True,False,False,False,False,False,False,True,False,True,False,0
0,42,79.35134647645032,3058.3,True,True,True,True,False,True,False,False,False,True,False,True,False,False,False,False,False,True,False,False,False,False,True,False,False,False,0
0,62,105.07735347664679,5791.85,True,True,True,True,False,True,True,False,False,True,False,True,False,False,False,False,False,True,False,False,True,False,True,True,False,False,1
0,28,92.22678954081064,2320.8,False,True,True,True,False,False,True,False,False,True,False,False,False,False,False,False,False,False,False,True,True,False,True,False,False,False,0
0,47,106.10348883852544,4391.45,True,True,True,True,False,False,True,False,False,True,False,True,False,True,False,False,False,False,False,True,True,False,True,False,True,False,0
0,22,67.63803235926561,1271.8,True,True,True,True,False,False,False,False,False,True,False,True,False,False,False,True,False,False,False,False,False,False,True,False,False,True,0
0,12,63.02571664067115,628.65,True,True,True,True,False,False,False,False,False,False,False,False,False,False,False,False,False,True,False,False,False,False,True,False,False,True,0
1,2,108.86228664140071,161.5,False,False,False,True,False,True,True,False,False,False,False,True,False,False,False,False,False,False,False,True,False,False,False,False,True,False,1
0,28,108.15731364102395,2509.25,False,True,True,True,False,True,True,False,False,False,False,False,False,False,False,True,False,False,False,True,True,False,True,False,True,False,0
0,1,67.47170121439076,45.95,False,False,True,True,False,False,False,False,False,False,False,False,False,False,False,False,False,False,False,False,False,False,False,False,False,True,1
0,48,54.88756303230845,2104.55,False,False,False,False,True,False,False,False,False,True,False,True,False,False,False,False,False,True,False,False,False,False,True,False,True,False,0
0,61,29.344717297958688,1124.2,True,False,True,True,False,False,False,True,True,False,True,False,True,False,True,False,True,False,True,False,False,True,False,False,False,True,0
1,7,93.30071995855556,485.25,True,True,False,True,False,True,True,False,False,False,False,False,False,False,False,False,False,False,False,False,False,False,True,False,True,False,0
0,49,117.10773671166805,5069.65,True,False,True,True,False,True,True,False,False,False,False,False,False,False,False,True,False,True,False,True,True,False,True,False,False,False,1
0,41,98.42082973200958,3190.65,False,False,False,True,False,True,True,False,False,True,False,False,False,False,False,False,False,False,False,False,False,False,True,True,False,False,0
1,26,113.64697397302446,2510.7,False,True,False,True,False,True,True,False,False,False,False,False,False,True,False,False,False,True,False,True,False,False,True,False,False,False,0
0,3,37.732047630487585,60.65,True,False,True,True,False,False,False,True,True,False,True,False,True,False,True,False,True,False,True,False,False,False,False,False,False,True,0
0,72,113.6712248915962,7261.25,False,False,False,True,False,True,True,False,False,True,False,True,False,True,False,False,False,True,False,False,False,True,True,False,False,False,0
0,45,117.79303825271846,4882.8,True,True,False,True,False,True,True,False,False,False,False,True,False,True,False,False,False,True,False,True,False,False,True,False,False,False,0
0,48,36.15847637298844,1171.5,False,False,False,True,False,True,False,True,True,False,True,False,True,False,True,False,True,False,True,False,True,False,False,True,False,False,1
0,68,76.88765081809728,4375.8,True,True,True,True,False,False,False,False,False,True,False,True,False,True,False,True,False,False,False,False,False,True,False,True,False,False,0
0,41,76.89988744389647,2839.95,True,True,True,True,False,True,False,False,False,False,False,True,False,True,False,False,False,True,False,False,True,False,False,False,False,False,0
0,42,48.669638457289345,1108.2,False,True,False,True,False,True,False,True,True,False,True,False,True,False,True,False,True,False,True,False,False,True,False,False,True,False,0
0,55,34.04316352825782,998.1,False,True,True,True,False,False,False,True,True,False,True,False,True,False,True,False,True,False,True,False,True,False,False,True,False,False,0
0,42,70.40141727015921,2203.65,False,True,False,True,False,True,False,False,False,False,False,False,False,False,False,False,False,False,False,False,False,False,True,False,True,False,1
0,70,95.88637610716893,5991.05,False,False,False,True,False,True,False,False,False,True,False,True,False,True,False,False,False,True,False,True,False,True,False,False,False,True,0
0,55,74.92681174699814,3068.6,True,True,False,True,False,False,False,False,False,True,False,True,False,True,False,False,False,False,False,False,False,True,False,False,True,False,0
0,64,116.15020823595535,6375.8,False,True,False,True,False,False,True,False,False,True,False,False,False,True,False,False,False,True,False,True,False,True,True,False,False,False,0
0,26,101.36422450570558,2196.45,False,True,False,True,False,False,True,False,False,False,False,False,False,False,False,True,False,False,False,True,False,False,False,True,False,False,0
0,7,32.97458859791841,173.15,False,False,False,True,False,False,False,True,True,False,True,False,True,False,True,False,True,False,True,False,True,False,False,False,False,True,0
0,59,110.13037496800472,6039.9,False,True,False,True,False,True,True,False,False,False,False,True,False,False,False,False,False,True,False,True,False,False,False,False,True,False,1
0,40,76.17520121652295,2511.55,True,False,False,False,True,False,False,False,False,True,False,True,False,True,False,False,False,True,False,True,True,False,False,True,False,False,0
0,8,72.14489912873196,438.05,True,False,False,True,False,False,False,False,False,False,False,False,False,False,False,False,False,False,False,True,False,False,True,True,False,False,0
0,23,55.383249624485536,857.75,True,False,True,False,True,False,False,False,False,True,False,False,False,True,False,True,False,False,False,False,False,True,False,False,False,True,0
1,3,96.22382394219717,267.4,False,True,False,True,False,False,True,False,False,False,False,False,False,False,False,True,False,True,False,False,False,False,True,False,False,True,0
0,13,114.18298668229531,1359.0,True,True,False,True,False,True,True,False,False,False,False,False,False,True,False,False,False,True,False,True,False,False,True,True,False,False,1
0,26,60.027168194507965,1156.55,True,False,False,False,True,False,False,False,False,True,False,True,False,False,False,False,False,False,False,True,False,False,True,False,False,False,0
0,6,105.93700034924929,522.35,True,False,False,True,False,True,True,False,False,False,False,False,False,False,False,True,False,False,False,True,False,False,True,False,False,False,0
1,1,44.82571160250619,25.05,False,False,False,False,True,False,False,False,False,False,False,False,False,False,False,False,False,False,False,False,False,False,False,False,False,True,1
0,67,101.80655060297134,5398.6,True,True,True,True,False,False,False,False,False,True,False,True,False,True,False,False,False,True,False,True,False,True,False,True,False,False,1
0,40,31.747496981884115,973.95,True,False,False,True,False,True,False,True,True,False,True,False,True,False,True,False,True,False,True,False,False,True,True,False,False,True,0
0,10,35.31242547474682,242.4,True,True,True,True,False,False,False,True,True,False,True,False,True,False,True,False,True,False,True,False,True,False,False,False,False,True,0
0,9,84.78132178714273,769.1,False,True,False,True,False,False,True,False,False,False,False,False,False,False,False,False,False,False,False,True,False,False,True,False,True,False,0
0,36,113.38771127897981,3565.65,False,False,False,True,False,False,True,False,False,False,False,True,False,False,False,False,False,True,False,True,False,False,True,True,False,False,0
0,24,66.08158790426823,1381.2,False,False,False,True,False,False,False,False,False,True,False,False,False,False,False,True,False,False,False,False,False,False,False,True,False,False,0
0,1,72.98022155744592,50.5,True,False,False,True,False,False,False,False,False,False,False,False,False,True,False,False,False,False,False,False,False,False,True,False,True,False,1
0,60,77.3364365670067,3694.45,True,True,True,True,False,False,False,False,False,True,False,True,False,True,False,False,False,False,False,False,False,True,False,False,False,False,0
0,51,110.41359280169044,4539.35,False,True,True,True,False,True,True,False,False,True,False,True,False,False,False,False,False,False,False,True,False,False,True,False,True,False,0
1,1,43.745018787942556,25.2,False,False,False,False,True,False,False,False,False,False,False,False,False,False,False,False,False,False,False,False,False,False,True,False,True,False,1
1,66,117.77902279096864,6471.85,False,False,False,True,False,True,True,False,False,True,False,False,False,False,False,False,False,True,False,True,False,True,True,False,False,False,0
0,1,33.184067688503134,20.6,True,False,False,True,False,False,False,True,True,False,True,False,True,False,True,False,True,False,True,False,False,False,False,False,False,True,0
1,37,92.48549151306077,2575.45,True,True,False,True,False,False,True,False,False,False,False,False,False,False,False,False,False,False,False,False,False,False,True,False,False,False,0
0,1,87.92548171688738,75.3,False,False,False,True,False,False,True,False,False,False,False,False,False,True,False,False,False,False,False,False,False,False,False,False,True,False,1
0,18,61.163845282238384,908.75,False,True,False,True,False,False,False,False,False,False,False,False,False,False,False,True,False,False,False,False,False,False,True,False,False,True,0
0,2,78.36191032418697,109.25,True,False,False,True,False,False,False,False,False,False,False,False,False,False,False,True,False,False,False,False,False,False,True,True,False,False,0
0,6,35.44333728601056,113.5,False,True,True,True,False,False,False,True,True,False,True,False,True,False,True,False,True,False,True,False,False,False,False,False,False,True,0
0,1,70.69790340627624,55.25,True,False,False,True,False,False,False,False,False,False,False,False,False,False,False,False,False,False,False,True,False,False,True,False,True,False,0
0,12,99.1337399178042,871.4,True,False,True,True,False,True,True,False,False,False,False,False,False,False,False,False,False,False,False,False,False,False,True,True,False,False,1
0,64,110.73754005982163,6605.55,True,True,False,True,False,False,True,False,False,True,False,True,False,False,False,True,False,True,False,True,False,True,True,True,False,False,0
0,70,99.1517630992169,5979.7,True,True,True,True,False,True,False,False,False,False,False,True,False,True,False,True,False,True,False,True,False,True,True,False,True,False,0
0,51,57.54510762644696,1782.0,False,True,True,False,True,False,False,False,False,True,False,False,False,False,False,True,False,False,False,False,False,True,False,False,False,False,0
0,1,63.33969241897162,49.95,False,False,False,True,False,True,False,False,False,False,False,False,False,False,False,False,False,False,False,False,False,False,True,False,False,False,0
1,72,38.16760554049237,1778.7,False,True,False,True,False,True,False,True,True,False,True,False,True,False,True,False,True,False,True,False,False,True,False,False,False,False,1
0,52,46.5541339368926,1345.85,True,True,True,True,False,True,False,True,True,False,True,False,True,False,True,False,True,False,True,False,False,True,False,False,False,True,0
0,25,31.446898954616778,475.2,False,False,False,True,False,False,False,True,True,False,True,False,True,False,True,False,True,False,True,False,False,True,False,True,False,False,0
0,25,111.10295845601942,2448.75,True,False,True,True,False,False,True,False,False,False,False,True,False,False,False,False,False,True,False,True,False,False,True,False,True,False,1
0,6,35.855798279364194,119.3,False,True,True,True,False,False,False,True,True,False,True,False,True,False,True,False,True,False,True,False,False,False,False,False,False,True,0
1,65,73.13107701120796,3517.9,False,False,False,False,True,False,False,False,False,False,False,True,False,True,False,False,False,True,False,True,False,True,True,False,False,False,0
1,54,101.20013384470678,4931.8,True,False,False,True,False,True,True,False,False,False,False,True,False,False,False,False,False,False,False,True,False,False,True,False,True,False,0
0,71,128.48008408072675,7405.5,True,True,True,True,False,True,True,False,False,True,False,False,False,True,False,False,False,True,False,True,False,True,False,False,True,False,0
0,59,128.960011431723,6152.3,False,True,False,True,False,True,True,False,False,True,False,True,False,True,False,True,False,False,False,True,True,False,True,True,False,False,0
0,67,39.715009459389535,1620.45,True,True,True,True,False,True,False,True,True,False,True,False,True,False,True,False,True,False,True,False,False,True,False,False,False,False,0
0,61,37.89484610246634,1143.8,False,True,True,True,False,False,False,True,True,False,True,False,True,False,True,False,True,False,True,False,True,False,False,True,False,False,0
0,68,99.89126245808359,5696.6,True,True,True,True,False,True,True,False,False,True,False,True,False,False,False,False,False,False,False,False,True,False,True,False,False,False,0
0,1,83.55704446424541,73.5,False,False,False,True,False,False,True,False,False,False,False,False,False,True,False,False,False,False,False,False,False,False,False,False,False,False,1
1,5,79.52147665757032,302.6,False,True,False,True,False,False,True,False,False,False,False,False,False,False,False,False,False,False,False,False,False,False,False,False,True,False,0
0,1,112.05495933867516,95.65,False,False,False,True,False,True,True,False,False,False,False,False,False,False,False,False,False,True,False,True,False,False,False,False,False,True,1
0,5,102.08829510234561,453.75,True,True,True,True,False,True,True,False,False,True,False,False,False,True,False,False,False,False,False,False,False,False,True,False,True,False,1
0,29,107.75041582144856,2933.2,False,False,False,True,False,True,True,False,False,False,False,False,False,True,False,False,False,True,False,True,False,False,True,True,False,False,1
1,20,103.36542710048647,1727.5,False,False,False,True,False,True,True,False,False,False,False,False,False,False,False,False,False,False,False,True,False,False,True,True,False,False,1
0,64,109.31671002869176,5822.3,True,True,True,True,False,True,True,False,False,True,False,False,False,True,False,False,False,False,False,True,False,True,False,False,False,False,0
0,53,38.852047626138415,1049.6,False,False,False,True,False,False,False,True,True,False,True,False,True,False,True,False,True,False,True,False,False,True,False,True,False,False,0
0,8,78.13411787437057,520.95,True,False,False,True,False,False,False,False,False,False,False,True,False,False,False,True,False,True,False,False,False,False,True,False,True,False,0
0,49,36.59809109566292,921.3,False,False,True,True,False,False,False,True,True,False,True,False,True,False,True,False,True,False,True,False,True,False,False,True,False,False,1
1,65,118.31800053284859,6674.65,True,True,False,True,False,True,True,False,False,True,False,False,False,False,False,False,False,True,False,True,True,False,True,False,True,False,1
1,23,59.08092950605265,768.45,True,False,False,False,True,False,False,False,False,False,False,False,False,False,False,False,False,False,False,True,False,False,True,False,False,False,0
0,3,103.01486080458338,244.45,True,False,False,True,False,False,True,False,False,False,False,False,False,True,False,True,False,True,False,False,False,False,True,False,False,True,0
0,35,34.32057093783831,684.4,True,False,False,True,False,False,False,True,True,False,True,False,True,False,True,False,True,False,True,False,False,True,True,False,False,True,0
1,21,81.15376589744284,1339.8,True,True,False,True,False,False,False,False,False,True,False,True,False,False,False,False,False,False,False,True,False,False,True,False,False,False,0
0,7,38.60693561685895,144.15,False,True,True,True,False,False,False,True,True,False,True,False,True,False,True,False,True,False,True,False,False,True,False,False,False,True,0
0,66,60.010087066217196,3251.85,False,True,True,True,False,False,False,False,False,False,False,False,False,False,False,True,False,False,False,False,True,False,True,True,False,False,0
0,66,80.42115461171147,4378.9,True,False,True,True,False,True,False,False,False,True,False,True,False,False,False,True,False,False,False,False,False,True,False,False,False,False,0
0,1,24.133049431981426,19.9,False,False,False,True,False,False,False,True,True,False,True,False,True,False,True,False,True,False,True,False,False,False,False,False,False,True,1
0,13,100.57261440419872,1222.8,False,True,True,True,False,False,True,False,False,False,False,False,False,False,False,False,False,True,False,True,False,False,False,False,True,False,1
0,9,85.3576600910448,708.2,False,False,False,True,False,False,True,False,False,True,False,False,False,False,False,False,False,False,False,False,False,False,True,False,True,False,0
1,7,67.78492336616593,419.35,False,False,False,True,False,False,False,False,False,False,False,True,False,False,False,False,False,False,False,False,False,False,True,False,False,True,1
0,64,121.2055786856553,6880.85,True,True,False,True,False,True,True,False,False,True,False,False,False,True,False,True,False,True,False,True,True,False,True,False,False,True,0
0,21,84.50432719063971,1493.2,False,False,False,True,False,False,True,False,False,False,False,False,False,False,False,False,False,False,False,False,False,False,True,False,True,False,0
0,19,59.43396491326974,610.2,True,True,True,False,True,False,False,False,False,True,False,True,False,False,False,False,False,False,False,False,False,False,True,False,False,True,0
0,12,95.89563470622554,958.25,False,False,False,True,False,True,True,False,False,False,False,False,False,False,False,True,False,False,False,False,False,False,True,True,False,False,0
0,8,89.34775159730307,579.0,True,False,False,True,False,False,False,False,False,True,False,False,False,True,False,False,False,False,False,True,False,False,True,False,True,False,0
0,69,128.79110293150168,7806.5,True,True,False,True,False,True,True,False,False,True,False,True,False,True,False,True,False,True,False,True,False,True,True,False,False,False,0
0,60,71.27089090510802,3766.2,True,True,False,True,False,False,False,False,False,True,False,True,False,False,False,True,False,False,False,False,False,True,True,False,False,True,0
0,2,49.90102269383175,62.0,True,False,False,True,False,True,False,True,True,False,True,False,True,False,True,False,True,False,True,False,False,False,False,False,False,True,0
0,3,94.76707779390154,220.6,False,False,False,True,False,True,True,False,False,False,False,False,False,False,False,False,False,False,False,False,False,False,True,False,True,False,1
0,3,87.63225083841269,256.6,False,True,False,True,False,True,True,False,False,False,False,False,False,False,False,False,False,False,False,False,False,False,True,False,True,False,1
1,69,122.65864890863176,7467.55,False,False,False,True,False,True,True,False,False,True,False,False,False,True,False,True,False,True,False,True,False,True,False,True,False,False,0
0,71,98.77409746083302,5727.15,True,True,False,True,False,True,False,False,False,True,False,True,False,True,False,True,False,False,False,True,False,True,False,True,False,False,0
1,26,112.68254921785201,2497.2,False,False,False,True,False,True,True,False,False,True,False,True,False,False,False,False,False,False,False,True,False,False,True,False,True,False,1
0,7,55.09025269752051,280.0,True,True,True,False,True,False,False,False,False,True,False,True,False,True,False,False,False,False,False,False,False,True,False,False,False,True,0
1,20,114.89055436750033,1782.4,False,False,False,True,False,True,True,False,False,False,False,True,False,True,False,False,False,False,False,True,False,False,True,False,True,False,1
1,72,128.2051818714625,8399.15,True,True,True,True,False,True,True,False,False,True,False,True,False,True,False,True,False,True,False,True,False,True,True,True,False,False,0
0,69,27.285148358024234,1436.95,False,True,True,True,False,False,False,True,True,False,True,False,True,False,True,False,True,False,True,False,False,True,False,True,False,False,0
0,21,42.603754161718484,416.4,True,False,False,True,False,False,False,True,True,False,True,False,True,False,True,False,True,False,True,False,False,False,True,False,False,True,1
0,45,65.55818520397332,2264.5,False,True,True,False,True,False,False,False,False,False,False,True,False,True,False,True,False,False,False,True,True,False,False,False,False,False,0
1,16,100.72303727618622,1350.15,False,False,False,True,False,True,True,False,False,False,False,False,False,False,False,False,False,True,False,False,False,False,True,False,True,False,1
0,37,38.471323398109135,805.2,False,True,False,True,False,False,False,True,True,False,True,False,True,False,True,False,True,False,True,False,False,False,False,False,False,False,0
1,31,107.41809144784231,2835.5,False,True,False,True,False,True,True,False,False,False,False,False,False,True,False,False,False,True,False,False,True,False,True,False,True,False,0
1,2,85.88370421728742,165.4,True,False,False,True,False,False,True,False,False,False,False,True,False,False,False,False,False,False,False,False,False,False,True,False,True,False,1
1,3,59.012913906780796,132.2,True,False,False,False,True,False,False,False,False,False,False,False,False,True,False,False,False,False,False,True,False,False,True,False,True,False,1
1,26,74.86092250586574,1652.4,False,False,False,True,False,True,False,False,False,False,False,False,False,False,False,True,False,False,False,True,False,False,True,False,True,False,0
0,20,116.25261500795676,1776.55,True,True,True,True,False,False,True,False,False,False,False,False,False,False,False,False,False,True,False,True,False,False,True,False,True,False,1
1,40,116.81149220032007,4188.4,False,False,False,True,False,True,True,False,False,False,False,False,False,True,False,True,False,True,False,True,True,False,True,True,False,False,0
0,4,94.94790808299372,303.15,False,False,False,True,False,False,True,False,False,False,False,False,False,False,False,False,False,True,False,False,False,False,True,False,True,False,1
0,26,47.00346428902198,595.5,True,False,False,True,False,False,False,True,True,False,True,False,True,False,True,False,True,False,True,False,True,False,True,True,False,False,1
0,49,53.767783611404305,1782.0,False,True,True,False,True,False,False,False,False,True,False,False,False,False,False,True,False,False,False,False,True,False,True,True,False,False,0
0,44,47.06499758716396,780.25,False,True,True,True,False,False,False,True,True,False,True,False,True,False,True,False,True,False,True,False,False,False,False,False,False,True,0
1,38,114.02824290986815,4009.2,True,True,False,True,False,True,True,False,False,False,False,True,False,True,False,False,False,True,False,True,False,False,True,False,True,False,0
0,1,40.73891030829903,19.9,False,False,False,True,False,False,False,True,True,False,True,False,True,False,True,False,True,False,True,False,False,False,False,False,False,True,0
0,19,43.34952252175703,377.55,True,False,True,True,False,False,False,True,True,False,True,False,True,False,True,False,True,False,True,False,False,False,True,False,True,False,0
0,14,58.36240682224248,641.25,True,True,False,True,False,False,False,False,False,False,False,False,False,False,False,False,False,False,False,False,True,False,False,False,True,False,0
1,1,86.15743432003805,71.25,False,False,False,True,False,False,True,False,False,False,False,False,False,False,False,False,False,False,False,False,False,False,True,False,True,False,0
0,1,70.97905693606134,62.05,True,False,False,True,False,True,False,False,False,False,False,False,False,True,False,True,False,False,False,False,False,False,False,False,False,True,1
0,66,106.44416506299483,5958.85,False,True,True,True,False,True,False,False,False,True,False,True,False,True,False,True,False,True,False,True,False,True,False,True,False,False,0
0,1,94.36437273601469,74.6,False,False,False,True,False,False,True,False,False,False,False,False,False,True,False,False,False,False,False,False,False,False,True,False,False,True,1
0,48,63.40299334296579,2108.35,False,False,True,False,True,False,False,False,False,False,False,True,False,True,False,False,False,False,False,True,False,False,False,True,False,False,0
0,37,55.10290197056134,1525.35,True,True,True,False,True,False,False,False,False,True,False,False,False,True,False,True,False,False,False,False,True,False,True,False,True,False,0
0,13,119.33908155986731,1230.25,True,False,False,True,False,True,True,False,False,True,False,False,False,False,False,False,False,True,False,True,False,False,False,False,False,True,1
0,62,98.84371516453848,5193.2,False,False,False,True,False,True,False,False,False,False,False,True,False,True,False,True,False,True,False,True,False,True,False,False,False,False,0
0,28,104.08209819948819,2598.95,False,True,True,True,False,False,True,False,False,False,False,False,False,False,False,False,False,True,False,True,True,False,True,False,False,False,1
0,50,96.95579192441389,4042.2,False,True,True,True,False,True,False,False,False,True,False,True,False,True,False,True,False,False,False,True,True,False,True,False,False,False,0
0,72,134.5878506881328,8496.7,False,False,False,True,False,True,True,False,False,True,False,True,False,True,False,True,False,True,False,True,False,True,True,False,True,False,0
0,23,87.13856235379514,1710.45,True,False,False,True,False,True,True,False,False,False,False,False,False,False,False,False,False,False,False,False,False,False,True,False,True,False,1
0,68,104.623560430496,6424.7,False,True,False,True,False,True,False,False,False,True,False,True,False,True,False,True,False,True,False,True,False,True,True,False,True,False,0
0,66,31.25406090955216,1253.8,True,False,False,True,False,False,False,True,True,False,True,False,True,False,True,False,True,False,True,False,False,True,False,False,False,False,0
0,42,119.89720060360644,4298.45,True,False,False,True,False,True,True,False,False,True,False,True,False,True,False,False,False,False,False,True,True,False,True,False,True,False,0
0,38,40.53839694230782,717.3,True,True,True,True,False,False,False,True,True,False,True,False,True,False,True,False,True,False,True,False,False,False,False,False,True,False,0
1,2,92.76724871621066,115.95,False,False,False,True,False,False,True,False,False,False,False,False,False,False,False,False,False,False,False,False,False,False,True,False,False,False,0
0,14,76.79843975876321,824.85,False,False,True,True,False,False,False,False,False,False,False,False,False,True,False,False,False,True,False,False,False,False,True,True,False,False,0
0,55,116.14260813972415,5448.6,False,True,True,True,False,True,True,False,False,True,False,False,False,False,False,False,False,True,False,True,True,False,False,False,False,True,0
0,2,105.52170511668092,171.45,True,True,False,True,False,True,True,False,False,False,False,False,False,True,False,False,False,True,False,False,False,False,True,False,True,False,0
1,34,70.04683551571772,2106.3,False,True,False,True,False,False,False,False,False,False,False,False,False,True,False,True,False,True,False,False,True,False,False,False,False,False,0
0,58,19.293663299654636,1191.4,False,True,True,True,False,False,False,True,True,False,True,False,True,False,True,False,True,False,True,False,False,True,False,True,False,False,0
0,18,24.630521378450965,401.95,False,True,True,True,False,False,False,True,True,False,True,False,True,False,True,False,True,False,True,False,False,False,True,False,False,True,0
0,20,117.78871036336866,1901.65,False,True,False,True,False,False,True,False,False,True,False,True,False,False,False,True,False,True,False,False,False,False,True,False,True,False,0
0,22,117.83161834837017,2415.95,True,False,False,True,False,True,True,False,False,False,False,True,False,False,False,False,False,True,False,True,False,False,True,False,True,False,0
0,18,73.5308914355748,1082.8,False,True,True,True,False,False,False,False,False,False,False,False,False,False,False,False,False,True,False,False,False,False,False,False,False,True,0
0,17,96.75933127529247,1400.85,True,True,True,True,False,False,True,False,False,False,False,False,False,False,False,False,False,True,False,False,False,False,False,False,True,False,1
0,1,28.20589800440444,19.75,True,False,False,True,False,False,False,True,True,False,True,False,True,False,True,False,True,False,True,False,False,False,False,False,False,True,1
0,37,94.20349839430693,2911.8,True,True,False,True,False,True,False,False,False,True,False,False,False,True,False,False,False,True,False,True,True,False,False,False,False,True,0
0,61,96.29376454182842,4914.8,True,True,False,True,False,True,False,False,False,False,False,True,False,True,False,False,False,True,False,True,True,False,True,False,True,False,0
0,72,93.1232647337012,5815.15,True,True,True,True,False,True,False,False,False,True,False,True,False,True,False,True,False,True,False,False,False,True,False,False,False,False,0
1,53,109.48991576735447,4871.45,False,True,False,True,False,False,True,False,False,False,False,True,False,True,False,True,False,True,False,False,True,False,True,False,True,False,0
0,17,112.80735213486514,1704.95,False,True,True,True,False,False,True,False,False,False,False,False,False,True,False,True,False,True,False,True,True,False,False,False,False,False,1
0,12,90.27483285554361,872.65,False,False,False,True,False,True,False,False,False,False,False,False,False,False,False,True,False,True,False,True,True,False,False,False,False,True,1
0,8,84.84834337697212,572.45,True,False,False,True,False,True,True,False,False,False,False,False,False,False,False,False,False,False,False,False,False,False,True,False,True,False,0
1,66,117.94424811472423,6976.75,False,False,False,True,False,True,True,False,False,False,False,False,False,True,False,True,False,True,False,True,True,False,True,True,False,False,0
0,8,36.487751953613824,140.95,False,False,False,True,False,False,False,True,True,False,True,False,True,False,True,False,True,False,True,False,True,False,True,False,False,False,0
1,50,84.48526970038287,3454.6,True,False,False,True,False,True,False,False,False,True,False,True,False,False,False,False,False,True,False,False,False,False,True,False,False,False,0
0,4,74.35445255346583,235.1,False,True,True,True,False,False,False,False,False,False,False,True,False,False,False,True,False,False,False,False,False,False,False,False,False,True,1
1,38,115.68693025782375,3653.0,True,False,False,True,False,True,True,False,False,False,False,False,False,False,False,False,False,True,False,True,False,False,False,False,True,False,0
0,60,83.28570817536283,3483.45,False,True,False,True,False,False,False,False,False,True,False,True,False,False,False,True,False,False,False,False,False,True,False,False,False,False,0
0,1,88.76390933053142,70.6,False,False,False,True,False,False,True,False,False,False,False,False,False,False,False,False,False,False,False,False,False,False,True,False,True,False,1
0,12,72.7709087967766,743.3,False,False,False,False,True,False,False,False,False,False,False,True,False,True,False,True,False,True,False,True,True,False,False,False,True,False,0
0,52,95.50796616544768,4326.8,False,True,True,True,False,False,True,False,False,True,False,False,False,True,False,True,False,False,False,False,False,False,True,False,False,False,0
0,11,88.77000247046047,760.05,True,False,False,True,False,False,True,False,False,False,False,False,False,False,False,False,False,False,False,False,False,False,False,False,True,False,0
0,72,80.08628487130098,5165.7,False,True,True,True,False,True,False,False,False,True,False,True,False,True,False,True,False,False,False,False,False,True,True,False,False,False,0
0,3,31.941214782077317,69.25,True,False,False,True,False,False,False,True,True,False,True,False,True,False,True,False,True,False,True,False,True,False,True,False,False,True,0
0,12,89.8174235029447,1043.4,True,False,False,True,False,False,True,False,False,False,False,False,False,False,False,False,False,False,False,True,False,False,True,False,False,False,0
0,16,86.2179953279673,1083.7,True,False,True,True,False,True,False,False,False,True,False,True,False,False,False,False,False,False,False,True,False,False,True,False,True,False,1
0,1,57.84891561420603,45.85,True,False,False,True,False,False,False,False,False,False,False,False,False,False,False,False,False,False,False,False,False,False,True,False,False,True,1
0,60,77.74296139431628,3638.25,True,False,False,True,False,False,False,False,False,True,False,True,False,True,False,False,False,False,False,False,False,True,False,False,True,False,0
0,28,31.772992949304854,534.7,True,False,False,True,False,False,False,True,True,False,True,False,True,False,True,False,True,False,True,False,True,False,False,True,False,False,0
0,63,93.65904981108598,4707.85,False,True,True,True,False,False,False,False,False,True,False,True,False,True,False,True,False,True,False,False,False,True,False,True,False,False,0
0,1,79.26821705311998,74.1,False,False,False,True,False,False,False,False,False,False,False,False,False,True,False,True,False,True,False,True,True,False,False,True,False,False,0
1,13,113.4062568916826,1308.1,False,False,False,True,False,True,True,False,False,True,False,False,False,False,False,False,False,True,False,True,False,False,True,False,True,False,1
0,24,94.9958725520959,1832.4,False,True,True,True,False,True,False,False,False,True,False,True,False,False,False,False,False,True,False,True,True,False,False,False,True,False,0
0,19,30.05813611192484,373.5,True,False,False,True,False,False,False,True,True,False,True,False,True,False,True,False,True,False,True,False,False,True,True,False,False,True,0
0,58,115.7124415264109,6332.75,False,False,False,True,False,True,True,False,False,True,False,True,False,True,False,False,False,True,False,True,True,False,True,False,True,False,0
0,54,85.7968041201804,3871.85,False,True,True,True,False,False,False,False,False,True,False,False,False,True,False,True,False,False,False,True,False,True,False,False,False,False,0
0,23,28.807693518182205,473.9,True,False,False,True,False,False,False,True,True,False,True,False,True,False,True,False,True,False,True,False,False,False,False,False,True,False,0
0,48,72.4071621309043,3035.35,True,False,True,True,False,True,False,False,False,True,False,True,False,True,False,False,False,False,False,False,True,False,True,False,False,False,0
0,62,37.983263762636426,1296.15,False,True,True,True,False,False,False,True,True,False,True,False,True,False,True,False,True,False,True,False,False,True,False,False,False,False,0
0,1,31.973447716099734,19.3,True,False,False,True,False,False,False,True,True,False,True,False,True,False,True,False,True,False,True,False,False,False,False,True,False,False,0
0,30,70.98708197881079,1888.45,True,False,False,True,False,True,False,False,False,True,False,False,False,False,False,False,False,False,False,True,False,False,True,False,False,True,0
0,11,106.64829707637313,1020.2,True,True,True,True,False,False,True,False,False,False,False,False,False,False,False,False,False,True,False,True,False,False,False,False,True,False,0
1,1,62.355191261552484,50.55,False,False,False,True,False,True,False,False,False,False,False,False,False,False,False,False,False,False,False,False,False,False,False,False,False,True,1
1,1,65.77818929402476,44.0,True,False,False,True,False,False,False,False,False,False,False,False,False,False,False,False,False,False,False,False,False,False,False,False,True,False,0
0,53,40.809729429036494,1336.1,True,True,True,True,False,True,False,True,True,False,True,False,True,False,True,False,True,False,True,False,False,True,False,True,False,False,0
0,1,99.85772008008112,85.55,False,False,False,True,False,False,True,False,False,False,False,False,False,True,False,False,False,True,False,False,False,False,True,True,False,False,1
0,3,116.79952343698038,291.9,False,False,False,True,False,True,True,False,False,False,False,False,False,False,False,False,False,True,False,True,False,False,True,False,True,False,0
0,35,57.93526143562268,1383.6,False,True,True,False,True,False,False,False,False,False,False,False,False,False,False,True,False,True,False,False,True,False,False,False,False,True,0
0,4,108.76961077274451,365.65,False,False,True,True,False,True,True,False,False,False,False,True,False,False,False,False,False,True,False,False,False,False,False,False,False,True,1
0,72,62.15098925502981,3139.8,True,True,True,False,True,False,False,False,False,True,False,True,False,True,False,True,False,False,False,False,False,True,False,True,False,False,0
0,56,96.86794955683773,4557.5,True,True,False,True,False,False,True,False,False,False,False,False,False,False,False,False,False,False,False,True,True,False,True,False,True,False,0
1,7,95.21939558397455,533.05,True,True,False,True,False,True,True,False,False,False,False,False,False,False,False,False,False,False,False,False,False,False,True,False,True,False,0
0,8,68.00306686290963,369.3,False,False,False,True,False,False,False,False,False,False,False,False,False,False,False,False,False,False,False,False,False,False,False,False,False,True,0
0,61,124.40750348686312,6547.7,True,True,True,True,False,True,True,False,False,True,False,True,False,False,False,False,False,True,False,True,True,False,True,False,True,False,1
0,9,82.82853369961944,564.4,True,True,False,True,False,False,False,False,False,False,False,False,False,True,False,False,False,True,False,True,False,False,True,False,False,True,0
0,13,101.37709015104613,1060.6,True,False,False,True,False,False,True,False,False,False,False,False,False,True,False,False,False,True,False,False,False,False,True,False,True,False,1
0,34,80.72574563886694,1885.15,False,False,False,True,False,False,False,False,False,True,False,True,False,False,False,False,False,False,False,False,True,False,False,False,False,True,0
0,1,29.426591648863393,19.3,True,False,False,True,False,False,False,True,True,False,True,False,True,False,True,False,True,False,True,False,False,False,True,False,False,True,1
0,66,72.46109840591265,3810.8,False,True,True,True,False,False,False,False,False,True,False,True,False,False,False,True,False,False,False,False,False,True,True,True,False,False,0
0,72,25.66897313448352,1434.1,True,False,False,True,False,False,False,True,True,False,True,False,True,False,True,False,True,False,True,False,False,True,False,False,False,False,0
0,46,103.0451791308517,4245.55,True,False,False,True,False,True,True,False,False,True,False,False,False,False,False,False,False,True,False,False,False,False,True,True,False,False,1
0,32,101.7641774401775,2585.95,False,True,False,True,False,False,True,False,False,False,False,True,False,False,False,False,False,False,False,True,False,False,False,False,False,False,1
0,31,92.66254107496084,2429.1,True,False,False,True,False,True,True,False,False,False,False,True,False,False,False,False,False,False,False,False,False,False,True,False,True,False,1
0,27,68.2044176789875,1510.3,True,True,True,True,False,False,False,False,False,True,False,True,False,False,False,False,False,False,False,False,False,False,True,True,False,False,1
1,70,117.18375795488494,7349.35,False,True,False,True,False,True,True,False,False,False,False,True,False,False,False,True,False,True,False,True,False,True,True,False,False,False,0
0,18,43.58542301871226,471.35,False,True,True,True,False,True,False,True,True,False,True,False,True,False,True,False,True,False,True,False,False,True,True,True,False,False,0
0,30,90.26335157997399,2308.6,False,False,False,True,False,False,False,False,False,True,False,True,False,True,False,True,False,True,False,False,True,False,False,True,False,False,0
0,51,93.73469474158281,4126.2,True,False,False,True,False,True,False,False,False,True,False,True,False,True,False,True,False,True,False,False,True,False,True,True,False,False,0
0,16,87.01127514737576,1189.4,True,True,False,True,False,True,True,False,False,False,False,False,False,False,False,False,False,False,False,False,False,False,True,False,True,False,0
0,1,35.658399249239864,20.35,False,False,False,True,False,False,False,True,True,False,True,False,True,False,True,False,True,False,True,False,False,False,True,False,False,True,0
1,7,60.98358874404245,340.35,False,False,False,True,False,False,False,False,False,True,False,False,False,False,False,False,False,False,False,False,False,False,True,False,True,False,0
0,3,38.026484663666025,95.05,False,True,True,False,True,False,False,False,False,False,False,False,False,False,False,True,False,False,False,False,False,False,True,False,False,True,1
0,69,119.27161199238292,6856.45,True,True,True,True,False,True,True,False,False,False,False,False,False,False,False,True,False,True,False,True,False,True,True,False,True,False,0
0,35,76.95777547497079,2016.45,False,False,True,True,False,False,False,False,False,True,False,True,False,False,False,False,False,False,False,False,True,False,False,True,False,False,0
0,6,93.01625712089846,556.35,True,False,False,True,False,False,True,False,False,False,False,True,False,False,False,False,False,False,False,True,False,False,True,False,True,False,1
1,48,51.43571377141214,1388.75,False,True,True,False,True,False,False,False,False,False,False,True,False,False,False,False,False,False,False,False,True,False,False,False,False,False,0
0,31,118.92519157038058,3109.9,True,False,False,True,False,False,True,False,False,False,False,False,False,True,False,True,False,True,False,True,False,True,False,False,False,False,0
0,63,39.72095759235474,1237.65,True,True,False,True,False,False,False,True,True,False,True,False,True,False,True,False,True,False,True,False,False,True,False,False,False,True,0
0,68,130.32878062786762,7508.55,False,True,True,True,False,True,True,False,False,True,False,False,False,True,False,True,False,True,False,True,False,True,True,False,False,False,1
1,71,45.11901026017452,1901.0,True,True,False,True,False,True,False,True,True,False,True,False,True,False,True,False,True,False,True,False,False,True,False,False,False,False,0
0,51,96.55194831978184,4149.45,True,False,False,True,False,True,True,False,False,False,False,False,False,False,False,False,False,False,False,True,False,False,False,False,False,False,0
1,69,32.636495801690444,1356.3,True,False,False,True,False,False,False,True,True,False,True,False,True,False,True,False,True,False,True,False,False,True,False,True,False,False,0
0,40,33.42923312638332,808.95,True,True,True,True,False,False,False,True,True,False,True,False,True,False,True,False,True,False,True,False,False,True,False,False,False,True,0
0,35,36.743755548298424,655.3,True,True,True,True,False,False,False,True,True,False,True,False,True,False,True,False,True,False,True,False,False,True,False,False,False,True,0
0,9,54.30242785187238,405.7,False,False,False,True,False,False,False,False,False,False,False,False,False,False,False,False,False,False,False,False,False,False,True,False,True,False,0
0,2,90.51584026022077,184.65,True,False,False,True,False,True,True,False,False,False,False,True,False,False,False,False,False,False,False,False,False,False,True,False,True,False,1
0,60,123.96484618345286,6411.25,False,True,False,True,False,True,True,False,False,False,False,True,False,True,False,False,False,True,False,True,False,False,True,False,True,False,0
0,31,97.49289302265481,2471.6,False,True,True,True,False,True,False,False,False,False,False,True,False,False,False,True,False,True,False,True,False,True,False,False,False,False,0
0,50,120.33345399665009,5231.3,True,True,False,True,False,True,True,False,False,True,False,False,False,True,False,False,False,True,False,True,True,False,True,False,True,False,0
1,55,91.2213165574302,4052.4,True,True,False,True,False,True,True,False,False,False,False,False,False,False,False,False,False,False,False,False,False,False,True,False,True,False,0
0,1,79.46728717360179,69.5,False,False,False,True,False,False,True,False,False,False,False,False,False,False,False,False,False,False,False,False,False,False,True,False,True,False,1
0,1,84.20575289106864,71.65,True,False,True,True,False,False,True,False,False,False,False,False,False,False,False,False,False,False,False,False,False,False,True,False,True,False,1
0,70,124.20204324318198,7752.05,False,True,False,True,False,True,True,False,False,False,False,True,False,True,False,True,False,True,False,True,False,True,True,False,True,False,0
0,19,75.46347730245034,1297.8,False,False,True,True,False,False,False,False,False,True,False,True,False,True,False,False,False,False,False,False,False,False,True,False,True,False,0
0,15,64.40942419517043,765.5,True,False,False,True,False,True,False,False,False,False,False,False,False,False,False,False,False,False,False,False,False,False,False,False,True,False,1
0,46,44.873788387903126,1620.25,False,True,True,False,True,False,False,False,False,True,False,True,False,False,False,False,False,False,False,False,False,False,False,False,False,False,0
0,48,77.18048588257138,3238.4,False,True,True,True,False,False,False,False,False,True,False,True,False,True,False,False,False,False,False,True,False,True,True,True,False,False,0
0,61,104.06110314127713,4976.15,True,True,True,True,False,True,False,False,False,False,False,False,False,True,False,True,False,True,False,True,False,True,True,False,False,False,0
0,6,65.16770452391141,312.7,True,False,False,True,False,False,False,False,False,False,False,False,False,False,False,True,False,False,False,False,False,False,True,True,False,False,0
0,71,94.56278949980063,6457.15,True,True,True,True,False,True,False,False,False,True,False,True,False,True,False,True,False,True,False,True,False,True,False,True,False,False,0
0,61,105.59887640054772,6145.2,True,True,True,True,False,False,True,False,False,False,False,True,False,False,False,True,False,True,False,True,True,False,True,False,False,False,0
0,58,31.293215531040858,1108.8,True,True,True,True,False,False,False,True,True,False,True,False,True,False,True,False,True,False,True,False,True,False,True,False,True,False,0
0,19,37.78279902078834,414.95,True,True,True,True,False,False,False,True,True,False,True,False,True,False,True,False,True,False,True,False,False,False,False,False,False,True,0
1,28,44.49577580151323,734.6,False,True,False,True,False,True,False,True,True,False,True,False,True,False,True,False,True,False,True,False,False,False,False,False,False,True,0
0,3,110.38023842902909,268.45,True,False,False,True,False,False,True,False,False,False,False,True,False,True,False,False,False,False,False,True,False,False,False,False,True,False,0
0,26,107.01139128994323,2254.2,True,False,False,True,False,True,True,False,False,False,False,False,False,False,False,False,False,False,False,True,False,False,True,False,True,False,1
1,9,102.47885574885572,732.5,True,False,False,True,False,True,True,False,False,False,False,False,False,False,False,False,False,False,False,True,False,False,True,True,False,False,0
1,6,104.83282514773879,519.15,True,True,False,True,False,False,True,False,False,False,False,True,False,False,False,False,False,False,False,True,False,False,True,False,True,False,1
0,24,90.64071383479921,1923.85,True,True,True,True,False,True,False,False,False,True,False,False,False,False,False,True,False,True,False,True,False,False,False,False,False,False,0
0,24,32.517425239664895,498.1,False,False,True,True,False,False,False,True,True,False,True,False,True,False,True,False,True,False,True,False,False,True,False,False,False,True,0
1,32,98.7872090609019,2628.6,False,True,False,True,False,True,True,False,False,False,False,False,False,False,False,False,False,True,False,False,False,False,True,True,False,False,1
0,1,71.70154373059805,50.15,False,False,False,True,False,False,False,False,False,True,False,False,False,False,False,False,False,False,False,False,False,False,False,False,True,False,0
1,11,131.1376323106143,1183.05,True,False,False,True,False,True,True,False,False,False,False,True,False,True,False,True,False,True,False,True,False,False,True,False,True,False,0
0,56,75.95077815267604,3512.15,False,True,True,True,False,True,False,False,False,True,False,False,False,False,False,False,False,True,False,False,True,False,False,False,False,False,0
0,8,95.78192666523107,743.75,False,True,False,True,False,True,True,False,False,False,False,False,False,False,False,True,False,False,False,True,False,False,True,False,True,False,0
0,4,64.18029866618872,238.5,True,False,False,True,False,False,False,False,False,False,False,False,False,False,False,False,False,False,False,True,False,False,True,False,False,True,1
0,39,64.28759240705055,1880.85,True,False,False,False,True,False,False,False,False,True,False,True,False,False,False,True,False,True,False,False,False,False,True,True,False,False,1
1,3,88.79583491772476,202.9,False,False,False,True,False,False,True,False,False,False,False,False,False,True,False,False,False,False,False,False,False,False,False,False,False,True,1
0,44,62.26554065238425,2139.1,False,False,False,True,False,True,False,False,False,False,False,False,False,False,False,False,False,False,False,False,False,False,True,False,False,True,0
0,1,38.10152628579446,29.15,True,False,False,False,True,False,False,False,False,False,False,False,False,False,False,True,False,False,False,False,False,False,False,False,False,True,0
0,67,126.87513039573709,7482.1,True,True,True,True,False,True,True,False,False,True,False,True,False,True,False,False,False,True,False,True,True,False,True,False,True,False,1
0,19,34.17352233806524,358.15,True,False,False,True,False,False,False,True,True,False,True,False,True,False,True,False,True,False,True,False,False,True,False,False,False,True,0
0,25,69.14666152714612,1355.45,True,True,True,True,False,False,False,False,False,False,False,True,False,True,False,False,False,False,False,False,True,False,False,False,False,True,0
0,10,20.298056826678597,185.4,True,False,False,True,False,False,False,True,True,False,True,False,True,False,True,False,True,False,True,False,False,False,False,False,True,False,0
1,63,97.13896611964473,5329.55,True,True,False,True,False,False,False,False,False,True,False,True,False,True,False,True,False,True,False,True,True,False,True,False,False,False,0
0,10,73.29771693457863,685.55,False,False,False,True,False,False,False,False,False,False,False,True,False,False,False,True,False,False,False,True,True,False,False,False,False,True,0
0,20,64.28514851084688,1165.55,True,False,False,False,True,False,False,False,False,True,False,True,False,True,False,True,False,True,False,False,False,False,True,True,False,False,0
0,3,90.23876613576542,244.1,False,False,False,True,False,False,False,False,False,False,False,True,False,False,False,True,False,True,False,True,False,False,True,False,True,False,0
0,72,99.00911590729386,6151.9,True,True,False,True,False,True,False,False,False,False,False,True,False,True,False,True,False,True,False,True,False,True,False,False,False,False,0
1,16,91.44680614520107,1218.25,True,False,False,True,False,False,True,False,False,False,False,False,False,False,False,False,False,False,False,True,False,False,True,False,True,False,0
0,1,35.078624561443476,19.8,True,False,False,True,False,False,False,True,True,False,True,False,True,False,True,False,True,False,True,False,False,False,False,False,False,True,1
0,57,39.74970950971025,1123.15,True,True,True,True,False,False,False,True,True,False,True,False,True,False,True,False,True,False,True,False,False,True,False,False,False,True,0
0,18,87.19987639210754,1395.05,True,False,False,True,False,True,True,False,False,False,False,False,False,False,False,False,False,False,False,False,False,False,True,False,False,False,0
0,6,107.21587794092656,518.75,False,True,True,True,False,True,True,False,False,False,False,True,False,True,False,False,False,True,False,False,False,False,True,False,False,True,0
0,66,66.80303677277989,3465.7,True,False,False,True,False,False,False,False,False,True,False,True,False,False,False,False,False,False,False,False,True,False,True,False,False,True,0
0,13,84.77751886283842,923.85,False,False,False,True,False,False,False,False,False,True,False,False,False,False,False,False,False,True,False,True,False,False,True,False,True,False,0
0,49,28.928508818553173,923.1,False,True,False,True,False,False,False,True,True,False,True,False,True,False,True,False,True,False,True,False,True,False,True,False,False,False,0
1,32,37.92833673882503,587.7,True,False,False,True,False,False,False,True,True,False,True,False,True,False,True,False,True,False,True,False,True,False,False,True,False,False,0
0,50,101.68893969819109,4304.5,False,False,False,True,False,False,True,False,False,False,False,False,False,True,False,True,False,False,False,True,False,True,True,False,False,False,0
0,67,115.0559702168996,7321.05,True,True,False,True,False,False,True,False,False,True,False,True,False,True,False,True,False,True,False,True,False,True,True,False,True,False,0
0,22,36.03260584850735,470.2,False,False,False,True,False,False,False,True,True,False,True,False,True,False,True,False,True,False,True,False,False,False,True,False,False,True,0
0,10,72.35961272336971,528.35,False,True,True,True,False,False,False,False,False,False,False,False,False,True,False,True,False,False,False,False,False,False,False,True,False,False,1
1,41,114.68383853500382,4689.5,False,False,False,True,False,True,True,False,False,True,False,True,False,True,False,False,False,True,False,True,False,False,True,False,True,False,1
0,12,104.4168806462216,959.9,True,True,False,True,False,False,True,False,False,True,False,True,False,True,False,False,False,False,False,False,False,False,True,False,True,False,0
0,2,84.17106539950176,134.7,True,False,False,True,False,False,True,False,False,False,False,False,False,False,False,False,False,False,False,False,False,False,True,True,False,False,1
0,9,32.215481721687986,190.25,True,False,True,True,False,False,False,True,True,False,True,False,True,False,True,False,True,False,True,False,True,False,False,False,False,True,0
1,51,36.83858462905139,967.9,False,False,False,True,False,False,False,True,True,False,True,False,True,False,True,False,True,False,True,False,False,True,False,True,False,False,0
0,34,123.72539484855632,3587.25,False,False,False,True,False,True,True,False,False,True,False,True,False,True,False,False,False,True,False,True,False,False,True,False,False,True,0
0,1,67.19243257979346,53.95,True,False,False,True,False,False,False,False,False,True,False,False,False,False,False,True,False,False,False,False,False,False,True,False,True,False,1
0,10,111.15246425172938,1048.85,True,False,False,True,False,False,True,False,False,False,False,False,False,True,False,False,False,True,False,True,False,False,True,False,True,False,1
0,60,113.74434880586152,5985.75,False,True,False,True,False,True,True,False,False,False,False,True,False,False,False,False,False,True,False,True,False,False,True,False,True,False,0
0,26,34.0966959309269,525.55,True,False,False,True,False,False,False,True,True,False,True,False,True,False,True,False,True,False,True,False,True,False,False,False,False,True,0
0,3,62.08137723598013,130.1,True,False,False,True,False,False,False,False,False,False,False,True,False,False,False,False,False,False,False,False,False,False,True,False,False,True,1
0,4,108.71440634333706,356.65,True,False,False,True,False,False,True,False,False,False,False,False,False,True,False,True,False,False,False,True,False,False,True,False,True,False,0
0,65,33.880683823043576,1725.0,True,False,False,True,False,True,False,True,True,False,True,False,True,False,True,False,True,False,True,False,False,True,True,False,False,False,0
1,70,104.31198706850665,6333.4,True,True,False,True,False,True,False,False,False,True,False,True,False,True,False,True,False,True,False,True,False,True,False,True,False,False,0
1,22,80.46958087045566,1545.4,False,False,False,True,False,False,False,False,False,True,False,False,False,True,False,True,False,False,False,True,False,False,True,False,False,True,0
0,1,66.44388425993596,45.95,False,False,False,True,False,False,False,False,False,False,False,False,False,False,False,False,False,False,False,False,False,False,False,False,False,True,1
0,9,99.63683126808714,781.4,False,False,False,True,False,False,True,False,False,False,False,False,False,True,False,False,False,False,False,True,False,False,True,True,False,False,0
0,1,69.37041334874986,44.0,True,False,False,True,False,False,False,False,False,False,False,False,False,False,False,False,False,False,False,False,False,False,False,False,True,False,0
0,51,41.78455574593311,1042.65,True,False,False,True,False,False,False,True,True,False,True,False,True,False,True,False,True,False,True,False,False,True,False,False,False,True,0
1,62,117.28066541331653,6312.9,False,True,False,True,False,True,True,False,False,True,False,False,False,True,False,False,False,True,False,True,True,False,True,False,True,False,0
1,22,85.47136409255259,1381.8,False,True,False,True,False,True,False,False,False,True,False,True,False,False,False,True,False,False,False,False,False,False,True,False,False,True,0
0,70,77.81821201897229,4523.25,True,True,False,True,False,False,False,False,False,True,False,True,False,True,False,True,False,False,False,False,False,True,False,True,False,False,0
0,72,106.39809418023201,6632.75,True,False,False,True,False,True,False,False,False,True,False,True,False,True,False,True,False,True,False,True,False,True,False,False,False,False,0
0,22,99.03277388255788,1799.3,True,False,False,True,False,True,True,False,False,False,False,False,False,False,False,False,False,False,False,True,False,False,False,False,True,False,0
0,3,88.27111849756733,229.55,True,False,False,True,False,True,True,False,False,False,False,False,False,False,False,False,False,False,False,False,False,False,True,False,True,False,1
0,1,42.4137406804997,20.3,False,False,False,True,False,False,False,True,True,False,True,False,True,False,True,False,True,False,True,False,False,False,False,True,False,False,0
1,71,110.07717392207385,6435.25,False,True,False,True,False,False,True,False,False,False,False,True,False,True,False,False,False,False,False,True,False,True,False,True,False,False,0
0,5,66.79814420961806,235.2,True,False,True,True,False,False,False,False,False,False,False,False,False,False,False,True,False,False,False,False,False,False,True,False,False,False,0
0,1,70.86233767235373,48.6,False,False,False,True,False,False,False,False,False,False,False,True,False,False,False,False,False,False,False,False,False,False,True,False,True,False,0
0,63,93.52754822815773,4676.7,True,True,True,True,False,True,False,False,False,True,False,False,False,True,False,True,False,False,False,True,False,True,False,False,False,True,0
0,1,64.44917144270676,49.8,True,False,False,True,False,False,False,False,False,True,False,False,False,False,False,False,False,False,False,False,False,False,True,True,False,False,0
0,3,36.5587798788858,64.55,True,False,False,True,False,False,False,True,True,False,True,False,True,False,True,False,True,False,True,False,False,False,False,False,False,True,0
1,32,126.63561113109458,3520.75,True,True,False,True,False,True,True,False,False,False,False,True,False,True,False,False,False,True,False,True,False,False,False,False,False,False,1
0,10,111.9674479963664,990.9,True,True,False,True,False,False,True,False,False,False,False,True,False,False,False,True,False,True,False,True,False,False,True,False,True,False,1
1,66,101.54478853927546,6822.15,True,True,True,True,False,True,True,False,False,False,False,False,False,True,False,False,False,True,False,True,False,False,True,True,False,False,1
1,67,126.86193637842732,6841.05,True,False,False,True,False,True,True,False,False,False,False,False,False,True,False,False,False,True,False,True,False,False,True,True,False,False,0
0,25,47.65734676047084,853.0,False,True,False,False,True,False,False,False,False,False,False,False,False,False,False,False,False,True,False,False,False,False,True,False,False,False,1
1,36,63.97806179332855,1992.85,True,True,False,True,False,False,False,False,False,False,False,False,False,True,False,True,False,False,False,False,True,False,False,True,False,False,0
0,40,26.8423996886552,804.85,False,False,False,True,False,False,False,True,True,False,True,False,True,False,True,False,True,False,True,False,False,True,False,False,False,True,0
1,52,127.28649760438304,5832.0,True,False,False,True,False,True,True,False,False,False,False,True,False,True,False,True,False,True,False,True,False,False,True,False,True,False,1
0,10,45.9777256356118,225.55,False,True,True,True,False,True,False,True,True,False,True,False,True,False,True,False,True,False,True,False,False,True,False,True,False,False,0
1,27,119.63937659765455,2754.45,False,True,False,True,False,False,True,False,False,True,False,False,False,True,False,False,False,True,False,True,False,False,True,False,True,False,1
0,60,72.0046204755544,3928.3,True,True,True,True,False,False,False,False,False,True,False,True,False,True,False,True,False,False,False,False,True,False,True,False,False,False,0
0,23,71.98287614433119,1414.2,True,True,True,True,False,True,False,False,False,False,False,True,False,False,False,True,False,False,False,False,False,True,False,False,False,True,0
0,41,124.30225223011571,4213.35,True,True,True,True,False,True,True,False,False,False,False,False,False,True,False,True,False,True,False,True,True,False,True,False,True,False,1
0,55,62.51268112811722,2978.3,True,True,False,False,True,False,False,False,False,False,False,False,False,True,False,True,False,True,False,True,False,False,True,False,False,False,1
1,1,88.31047686004652,69.6,False,False,False,True,False,False,True,False,False,False,False,False,False,False,False,False,False,False,False,False,False,False,True,False,True,False,1
0,7,38.8502608155659,173.0,True,False,False,True,False,True,False,True,True,False,True,False,True,False,True,False,True,False,True,False,False,False,False,False,False,True,0
0,8,78.89866621703273,554.45,False,False,False,True,False,False,False,False,False,False,False,True,False,False,False,True,False,True,False,False,False,False,True,False,True,False,0
0,25,89.47133849568691,1902.0,True,False,False,True,False,False,False,False,False,True,False,True,False,False,False,True,False,True,False,True,False,False,True,False,False,True,0
0,72,98.40393239055524,6301.7,True,True,False,True,False,True,False,False,False,True,False,True,False,True,False,True,False,True,False,True,False,True,True,True,False,False,0
0,1,43.23349611618261,25.75,False,False,False,True,False,True,False,True,True,False,True,False,True,False,True,False,True,False,True,False,False,False,True,False,False,True,0
0,1,100.30858456819952,84.6,False,False,False,True,False,True,True,False,False,False,False,False,False,False,False,False,False,True,False,False,False,False,True,False,True,False,0
0,41,136.97501172450544,4507.15,True,False,True,True,False,False,True,False,False,True,False,True,False,True,False,True,False,True,False,True,False,True,True,False,True,False,0
0,46,105.80463630670042,4408.45,False,False,False,True,False,True,True,False,False,False,False,True,False,True,False,False,False,False,False,True,True,False,True,False,True,False,0
0,69,29.03136896339669,1375.4,False,True,True,True,False,False,False,True,True,False,True,False,True,False,True,False,True,False,True,False,False,True,False,False,False,False,0
0,20,38.359665163433874,356.15,True,False,False,True,False,False,False,True,True,False,True,False,True,False,True,False,True,False,True,False,False,False,True,True,False,False,0
0,1,106.3230133411007,89.1,True,False,False,True,False,False,True,False,False,False,False,False,False,False,False,False,False,True,False,True,False,False,True,False,True,False,1
0,1,34.721792588512585,19.9,True,False,False,True,False,False,False,True,True,False,True,False,True,False,True,False,True,False,True,False,False,False,True,False,False,True,0
0,62,97.1161945706458,4985.9,False,True,False,True,False,False,False,False,False,True,False,False,False,True,False,True,False,True,False,True,False,True,False,False,False,True,0
0,72,99.85783118609696,6130.85,True,True,True,True,False,True,True,False,False,False,False,False,False,False,False,False,False,False,False,True,False,True,True,True,False,False,0
0,54,118.59307079173503,5637.85,True,True,True,True,False,True,True,False,False,False,False,True,False,False,False,True,False,True,False,True,True,False,True,False,True,False,0
0,13,45.08227157384714,357.15,False,False,False,False,True,False,False,False,False,False,False,True,False,False,False,False,False,False,False,False,False,False,False,False,True,False,0
0,39,32.96669451575889,1004.35,True,False,True,True,False,True,False,True,True,False,True,False,True,False,True,False,True,False,True,False,False,True,False,False,False,True,0
0,60,123.10296582777721,6572.85,True,True,False,True,False,True,True,False,False,True,False,False,False,True,False,True,False,True,False,True,False,False,True,False,False,False,0
0,8,81.10015663359131,564.35,False,True,False,True,False,False,False,False,False,True,False,False,False,False,False,True,False,False,False,True,False,True,False,False,False,True,0
0,70,117.94821096099047,6994.8,True,True,True,True,False,False,True,False,False,True,False,True,False,True,False,True,False,True,False,False,False,True,True,True,False,False,0
0,47,114.2353877467402,4533.7,False,True,False,True,False,True,True,False,False,True,False,True,False,True,False,False,False,True,False,False,False,False,True,False,True,False,1
0,61,94.93086930613599,4932.5,True,True,False,True,False,True,False,False,False,False,False,True,False,True,False,False,False,True,False,True,False,True,False,False,False,False,0
0,67,34.20555654722585,1343.4,False,False,False,True,False,False,False,True,True,False,True,False,True,False,True,False,True,False,True,False,True,False,False,False,True,False,0
0,55,35.526218498590914,1177.95,True,True,True,True,False,False,False,True,True,False,True,False,True,False,True,False,True,False,True,False,False,True,False,False,False,True,0
0,4,89.51019235180479,318.9,True,False,False,True,False,True,True,False,False,False,False,False,False,False,False,False,False,False,False,False,False,False,True,False,True,False,1
1,34,97.12457226792023,2425.4,True,True,False,True,False,True,True,False,False,False,False,False,False,False,False,False,False,False,False,False,False,False,True,False,True,False,0
0,49,120.77710023077489,4853.75,True,True,False,True,False,True,True,False,False,False,False,True,False,False,False,False,False,True,False,True,False,False,True,False,False,False,1
0,56,114.34404648983933,6033.3,True,True,False,True,False,True,True,False,False,False,False,True,False,False,False,True,False,True,False,True,True,False,True,False,True,False,0
0,3,82.2713512321487,207.4,True,False,False,True,False,False,True,False,False,False,False,False,False,False,False,False,False,False,False,False,False,False,True,False,False,True,0
0,27,104.62938836547761,2209.75,True,True,True,True,False,False,True,False,False,True,False,True,False,False,False,False,False,False,False,False,True,False,True,True,False,False,0
0,2,91.13790852680836,139.4,False,True,False,True,False,False,True,False,False,True,False,False,False,False,False,False,False,False,False,False,False,False,True,False,True,False,1
0,1,62.32228394993513,45.65,True,False,False,True,False,False,False,False,False,False,False,False,False,False,False,False,False,False,False,False,False,False,True,False,True,False,1
0,31,100.1486125086074,2674.15,False,True,False,True,False,False,True,False,False,False,False,True,False,False,False,False,False,False,False,True,False,False,True,False,False,False,0
0,1,114.9915544907398,95.0,True,True,False,True,False,False,True,False,False,True,False,False,False,False,False,False,False,True,False,True,False,False,True,False,True,False,1
0,40,122.84509504683022,4228.55,False,True,False,True,False,True,True,False,False,True,False,False,False,True,False,False,False,True,False,True,True,False,False,False,False,False,0
0,49,74.67460613968193,3199.0,True,False,False,True,False,True,False,False,False,False,False,False,False,False,False,True,False,True,False,False,False,True,True,False,False,False,0
1,1,84.37212843904003,69.5,True,False,False,True,False,False,True,False,False,False,False,False,False,False,False,False,False,False,False,False,False,False,True,False,False,False,1
0,3,64.84035296058138,170.5,False,False,False,True,False,True,False,False,False,False,False,False,False,False,False,False,False,True,False,False,False,False,True,False,True,False,1
0,20,32.38136985611668,347.65,False,False,False,True,False,False,False,True,True,False,True,False,True,False,True,False,True,False,True,False,False,False,True,True,False,False,0
0,72,117.87540456595525,7581.5,True,True,False,True,False,True,True,False,False,True,False,True,False,True,False,True,False,False,False,True,False,True,False,False,False,False,0
0,29,82.70062532353315,1958.45,True,True,True,True,False,True,False,False,False,True,False,False,False,False,False,True,False,True,False,False,True,False,False,False,False,False,0
0,39,47.63270174862948,947.75,True,True,True,False,True,False,False,False,False,False,False,False,False,False,False,False,False,False,False,False,True,False,True,True,False,False,0
0,3,84.80705933857868,208.85,True,True,False,True,False,False,True,False,False,False,False,False,False,False,False,False,False,False,False,False,False,False,True,False,True,False,1
0,69,109.59532734895662,6511.25,True,True,True,True,False,True,True,False,False,False,False,True,False,True,False,False,False,True,False,False,True,False,False,True,False,False,0
0,12,27.625510157750483,264.55,False,True,False,True,False,False,False,True,True,False,True,False,True,False,True,False,True,False,True,False,False,True,True,False,True,False,0
0,72,132.96225632004075,8312.75,False,True,False,True,False,True,True,False,False,True,False,True,False,True,False,True,False,True,False,True,False,True,True,False,False,False,0
0,6,30.766024557152697,122.9,True,True,True,True,False,False,False,True,True,False,True,False,True,False,True,False,True,False,True,False,False,False,False,False,False,True,0
1,72,123.1282815472862,7943.45,False,False,False,True,False,True,True,False,False,False,False,True,False,True,False,True,False,True,False,True,False,True,False,False,True,False,1
0,38,123.88752600665032,3956.7,True,True,True,True,False,True,True,False,False,False,False,False,False,True,False,False,False,True,False,True,False,False,True,True,False,False,0
0,11,59.861614392067096,470.6,True,False,False,False,True,False,False,False,False,False,False,False,False,True,False,False,False,True,False,False,True,False,True,False,True,False,1
0,52,94.82788226735771,4016.3,True,True,True,True,False,False,False,False,False,True,False,True,False,True,False,False,False,True,False,True,False,True,False,False,True,False,0
0,32,122.41471309248931,3432.9,True,False,False,True,False,True,True,False,False,True,False,True,False,False,False,True,False,True,False,True,False,False,True,True,False,False,1
0,62,83.11981749065879,4300.45,False,True,True,True,False,True,False,False,False,False,False,False,False,False,False,False,False,True,False,True,False,False,True,True,False,False,0
0,62,74.95027981844801,3487.95,True,False,True,True,False,False,False,False,False,True,False,True,False,False,False,False,False,False,False,False,True,False,False,False,False,False,0
0,10,28.807390048162862,222.65,False,False,False,True,False,False,False,True,True,False,True,False,True,False,True,False,True,False,True,False,False,False,True,False,True,False,0
0,59,28.974431684623138,1192.7,True,True,True,True,False,False,False,True,True,False,True,False,True,False,True,False,True,False,True,False,False,True,False,True,False,False,0
0,64,104.26189785308702,5948.7,False,True,False,True,False,True,True,False,False,True,False,False,False,True,False,False,False,True,False,False,False,True,True,True,False,False,0
0,31,39.71273102170829,658.95,False,True,True,True,False,False,False,True,True,False,True,False,True,False,True,False,True,False,True,False,False,False,True,False,False,True,0
0,18,108.34374309852093,1500.5,True,True,True,True,False,False,True,False,False,True,False,False,False,True,False,False,False,True,False,False,False,False,True,False,False,True,0
0,56,106.66844695781705,5608.4,False,True,True,True,False,True,True,False,False,False,False,True,False,True,False,True,False,False,False,True,True,False,True,True,False,False,0
0,42,64.87280648977702,2455.05,False,False,False,True,False,False,False,False,False,True,False,False,False,True,False,False,False,False,False,False,False,False,False,True,False,False,0
0,21,33.78477306978504,350.1,True,True,True,True,False,False,False,True,True,False,True,False,True,False,True,False,True,False,True,False,True,False,False,False,False,True,0
0,57,70.78214991216764,3053.0,False,True,True,True,False,False,False,False,False,True,False,True,False,False,False,False,False,False,False,False,True,False,False,False,True,False,0
0,12,42.637715850503554,233.55,False,True,True,True,False,False,False,True,True,False,True,False,True,False,True,False,True,False,True,False,False,False,False,False,False,True,1
0,9,115.4710736626826,918.75,True,False,False,True,False,True,True,False,False,False,False,True,False,False,False,False,False,True,False,True,False,False,True,True,False,False,0
0,25,75.15670680539931,1611.0,True,True,True,True,False,False,False,False,False,True,False,True,False,True,False,False,False,False,False,False,True,False,True,False,False,False,0
0,39,94.65030735018287,3201.55,False,False,False,True,False,False,True,False,False,False,False,False,False,True,False,True,False,False,False,False,False,True,True,False,True,False,1
0,24,70.70119898116481,1346.9,True,True,False,True,False,True,False,False,False,True,False,False,False,False,False,True,False,False,False,False,True,False,True,False,True,False,0
0,7,46.816799016249306,130.55,True,False,False,True,False,False,False,True,True,False,True,False,True,False,True,False,True,False,True,False,False,False,True,False,False,True,0
0,67,60.941263778572356,3097.2,True,False,False,False,True,False,False,False,False,True,False,False,False,False,False,True,False,True,False,False,False,True,False,False,True,False,1
0,49,32.65108547840309,1032.05,False,True,False,True,False,False,False,True,True,False,True,False,True,False,True,False,True,False,True,False,True,False,False,True,False,False,1
1,24,120.55160919385611,2433.9,True,True,False,True,False,True,True,False,False,False,False,True,False,True,False,False,False,True,False,True,False,False,True,False,True,False,1
0,9,93.82807279054283,714.15,False,False,False,True,False,False,True,False,False,False,False,False,False,False,False,False,False,True,False,False,False,False,True,False,False,False,1
0,69,117.72185032509066,6743.55,True,False,False,True,False,True,True,False,False,False,False,True,False,True,False,True,False,True,False,False,False,True,True,True,False,False,1
0,5,36.94762772277344,135.0,True,True,True,True,False,True,False,True,True,False,True,False,True,False,True,False,True,False,True,False,False,False,True,False,False,False,1
0,1,95.26758608684835,76.2,True,True,False,True,False,False,True,False,False,False,False,False,False,True,False,False,False,False,False,False,False,False,False,False,True,False,0
1,70,97.28120014285412,5212.65,False,False,False,True,False,True,False,False,False,False,False,True,False,True,False,True,False,True,False,False,False,True,True,False,False,False,0
0,36,77.308706446994,1941.5,False,False,False,True,False,True,False,False,False,False,False,False,False,True,False,False,False,False,False,False,True,False,False,False,True,False,0
0,3,98.22130610644007,240.45,False,False,False,True,False,False,True,False,False,False,False,False,False,False,False,False,False,True,False,True,False,False,True,False,True,False,1
0,22,41.54815184960087,605.9,False,False,False,True,False,True,False,True,True,False,True,False,True,False,True,False,True,False,True,False,False,True,False,False,False,True,0
0,4,31.732408848099283,68.2,True,False,False,True,False,False,False,True,True,False,True,False,True,False,True,False,True,False,True,False,True,False,False,False,False,True,0
0,72,107.61168926701116,6849.75,False,True,False,True,False,True,True,False,False,True,False,True,False,True,False,True,False,False,False,False,False,True,True,False,False,False,0
0,67,94.9351515278019,4868.4,False,True,True,True,False,True,False,False,False,True,False,True,False,False,False,True,False,True,False,False,False,True,False,True,False,False,0
0,37,83.36679959889578,2443.3,True,False,False,True,False,True,False,False,False,True,False,True,False,True,False,True,False,False,False,False,True,False,False,False,True,False,0
0,1,35.01013679341691,20.05,False,True,True,True,False,False,False,True,True,False,True,False,True,False,True,False,True,False,True,False,False,False,False,False,False,True,0
0,63,34.01376922836772,1618.2,False,False,False,True,False,True,False,True,True,False,True,False,True,False,True,False,True,False,True,False,False,True,False,False,False,True,0
0,36,69.14431797502378,1901.25,False,False,False,False,True,False,False,False,False,True,False,True,False,True,False,True,False,False,False,True,False,True,True,False,False,True,0
1,1,79.56087480042439,69.25,False,True,True,True,False,False,True,False,False,False,False,False,False,False,False,False,False,False,False,False,False,False,True,False,True,False,1
0,36,118.93697032817163,3457.9,False,True,True,True,False,True,True,False,False,False,False,True,False,True,False,False,False,True,False,False,False,False,True,False,False,False,1
0,10,35.54317595158045,220.8,False,True,True,True,False,False,False,True,True,False,True,False,True,False,True,False,True,False,True,False,False,True,False,False,False,True,0
0,57,117.55751762603052,5985.0,False,True,False,True,False,True,True,False,False,False,False,False,False,True,False,False,False,True,False,True,True,False,True,True,False,False,0
1,50,46.33466611942154,1306.3,False,True,False,True,False,True,False,True,True,False,True,False,True,False,True,False,True,False,True,False,True,False,False,False,True,False,0
0,21,95.6264343445547,1737.45,True,False,False,True,False,True,True,False,False,False,False,False,False,False,False,False,False,False,False,True,False,False,True,False,True,False,0
0,2,61.97083176244222,89.5,True,False,False,True,False,False,False,False,False,False,False,False,False,False,False,False,False,False,False,False,False,False,False,False,True,False,1
0,72,115.45645621777051,7325.1,True,True,False,True,False,True,True,False,False,True,False,True,False,False,False,True,False,False,False,True,False,True,True,False,False,False,0
0,2,92.19680655040598,181.1,True,False,False,True,False,False,True,False,False,False,False,False,False,False,False,False,False,False,False,True,False,False,True,False,True,False,0
1,2,65.56896687959664,118.25,False,False,False,True,False,True,False,False,False,False,False,True,False,False,False,False,False,False,False,False,False,False,True,True,False,False,0
1,11,97.54967264260378,906.85,False,False,False,True,False,True,True,False,False,False,False,False,False,False,False,False,False,False,False,True,False,False,True,True,False,False,1
0,1,30.80674026757901,20.4,False,False,False,True,False,False,False,True,True,False,True,False,True,False,True,False,True,False,True,False,False,False,False,False,False,True,1
0,33,39.147506109704544,740.3,False,True,True,True,False,True,False,True,True,False,True,False,True,False,True,False,True,False,True,False,False,True,True,False,False,True,1
0,21,67.0615939838639,1183.2,False,False,True,False,True,False,False,False,False,True,False,True,False,True,False,True,False,True,False,False,False,True,False,False,False,True,0
0,23,105.25640059558098,1868.4,False,True,True,True,False,True,True,False,False,False,False,False,False,False,False,False,False,False,False,True,False,False,False,False,True,False,0
0,71,36.7967733861732,1663.5,False,True,True,True,False,True,False,True,True,False,True,False,True,False,True,False,True,False,True,False,False,True,False,True,False,False,0
0,54,121.47345075413502,5763.3,False,True,False,True,False,True,True,False,False,True,False,True,False,False,False,False,False,True,False,True,True,False,False,False,False,False,1
0,8,33.35867849414408,201.7,False,True,True,True,False,False,False,True,True,False,True,False,True,False,True,False,True,False,True,False,False,True,False,False,False,True,0
0,3,42.81993381645016,58.0,False,False,False,True,False,False,False,True,True,False,True,False,True,False,True,False,True,False,True,False,False,False,False,False,False,True,0
0,30,111.60796367215401,2983.8,False,False,False,True,False,True,True,False,False,False,False,True,False,False,False,False,False,True,False,True,False,False,True,False,True,False,1
0,36,96.11471547381853,2937.65,False,True,False,True,False,False,True,False,False,False,False,False,False,False,False,False,False,False,False,True,False,False,False,False,True,False,0
0,1,31.60998529385433,20.25,True,False,False,True,False,False,False,True,True,False,True,False,True,False,True,False,True,False,True,False,False,False,False,False,False,True,1
0,56,37.19153548603825,1090.1,False,True,True,True,False,False,False,True,True,False,True,False,True,False,True,False,True,False,True,False,False,True,False,False,False,True,0
0,37,88.76621056242644,2302.35,True,False,True,True,False,False,False,False,False,True,False,True,False,False,False,True,False,False,False,False,False,True,False,True,False,False,0
1,39,126.59456685737322,4284.8,True,True,False,True,False,True,True,False,False,False,False,True,False,True,False,False,False,True,False,True,False,False,True,False,True,False,1
0,1,35.85336882911953,19.55,False,False,False,True,False,False,False,True,True,False,True,False,True,False,True,False,True,False,True,False,False,False,False,False,False,True,0
0,4,66.78657853702798,202.3,True,False,False,True,False,False,False,False,False,False,False,False,False,False,False,True,False,False,False,False,False,False,True,False,False,True,0
0,35,100.6616526719061,3251.3,True,False,False,True,False,False,True,False,False,True,False,False,False,False,False,True,False,False,False,True,True,False,True,False,True,False,0
1,35,89.98278564534895,2747.2,True,True,True,True,False,False,False,False,False,False,False,True,False,False,False,True,False,True,False,True,False,False,True,False,True,False,0
1,13,101.99592856022707,1169.35,True,True,False,True,False,False,True,False,False,False,False,True,False,False,False,True,False,False,False,True,False,False,True,False,False,False,1
0,31,92.22005269746026,2640.55,True,False,False,True,False,True,True,False,False,False,False,True,False,False,False,False,False,False,False,False,False,False,True,False,True,False,1
0,1,34.370869804450244,19.55,False,False,False,True,False,False,False,True,True,False,True,False,True,False,True,False,True,False,True,False,False,False,True,False,False,True,0
0,69,139.22483856750642,8182.85,False,True,False,True,False,True,True,False,False,True,False,True,False,True,False,True,False,True,False,True,False,True,True,False,True,False,0
1,52,125.90697802754207,5647.95,False,True,False,True,False,True,True,False,False,True,False,True,False,True,False,False,False,True,False,True,False,False,True,False,True,False,0
0,72,101.5306651112106,6065.3,False,True,False,True,False,True,False,False,False,True,False,False,False,True,False,True,False,True,False,True,False,True,True,False,False,False,0
0,30,64.20996050710505,1474.9,True,True,False,True,False,False,False,False,False,False,False,False,False,True,False,False,False,False,False,False,False,False,True,False,False,True,0
0,10,36.63650246522426,208.25,True,False,False,True,False,False,False,True,True,False,True,False,True,False,True,False,True,False,True,False,False,False,False,True,False,False,0
0,2,42.97967803472132,49.7,True,False,False,False,True,False,False,False,False,False,False,False,False,False,False,False,False,False,False,False,False,False,True,True,False,False,0
0,40,95.24984313159909,3126.85,False,True,False,True,False,True,True,False,False,False,False,False,False,False,False,True,False,False,False,False,False,False,True,True,False,False,0
1,4,80.84949270892554,317.75,False,False,False,True,False,False,True,False,False,False,False,True,False,False,False,False,False,False,False,False,False,False,False,False,True,False,1
0,4,31.443921617844076,78.9,True,False,False,True,False,False,False,True,True,False,True,False,True,False,True,False,True,False,True,False,False,False,False,False,False,True,0
1,65,129.44340416715647,7108.2,True,False,False,True,False,True,True,False,False,True,False,False,False,True,False,True,False,True,False,True,False,True,True,False,True,False,0
0,21,103.23224104748488,1808.7,False,True,False,True,False,True,True,False,False,False,False,False,False,False,False,False,False,False,False,True,False,False,True,False,True,False,1
0,10,41.11692238558851,163.2,False,False,False,True,False,False,False,True,True,False,True,False,True,False,True,False,True,False,True,False,False,False,False,False,False,True,0
0,4,50.8514311061095,174.3,True,False,False,False,True,False,False,False,False,False,False,False,False,False,False,False,False,True,False,True,False,False,True,False,True,False,1
1,2,97.84876203169637,142.35,False,False,False,True,False,False,True,False,False,False,False,False,False,False,False,False,False,False,False,False,False,False,True,False,True,False,1
0,69,36.25228412889919,1363.45,True,True,False,True,False,False,False,True,True,False,True,False,True,False,True,False,True,False,True,False,False,True,False,False,False,True,0
0,5,89.15496324767066,399.45,False,False,False,True,False,False,True,False,False,False,False,False,False,False,False,True,False,False,False,False,False,False,True,False,False,True,0
0,1,44.87991058087516,24.45,True,False,False,False,True,False,False,False,False,False,False,False,False,False,False,False,False,False,False,False,False,False,True,False,False,True,1
0,37,98.62162893010652,3460.95,True,True,False,True,False,True,True,False,False,False,False,False,False,True,False,True,False,True,False,False,False,True,False,False,False,True,0
1,60,86.35614392350479,4859.1,True,True,True,True,False,True,True,False,False,True,False,False,False,False,False,False,False,False,False,False,False,False,True,False,True,False,0
0,1,33.17991416663541,18.85,False,False,False,True,False,False,False,True,True,False,True,False,True,False,True,False,True,False,True,False,False,False,False,False,True,False,0
0,52,70.79787455717289,2554.0,True,True,True,False,True,False,False,False,False,False,False,True,False,True,False,True,False,True,False,False,False,True,False,False,False,True,0
0,1,32.08121708419344,19.55,False,False,False,True,False,False,False,True,True,False,True,False,True,False,True,False,True,False,True,False,False,False,False,False,False,True,0
0,38,34.13005577887245,746.05,False,True,True,True,False,False,False,True,True,False,True,False,True,False,True,False,True,False,True,False,False,True,True,False,False,True,0
0,64,127.25292872641911,6741.15,True,True,True,True,False,True,True,False,False,False,False,True,False,True,False,True,False,True,False,True,False,True,True,True,False,False,0
0,34,100.81562318793321,2727.3,False,False,False,True,False,False,False,False,False,True,False,False,False,True,False,True,False,True,False,True,True,False,True,False,False,False,0
0,1,35.76362673188852,19.05,True,False,False,True,False,False,False,True,True,False,True,False,True,False,True,False,True,False,True,False,False,False,False,False,False,True,0
0,64,87.42943886040804,4480.7,True,True,False,True,False,True,False,False,False,False,False,True,False,False,False,True,False,False,False,True,True,False,True,False,False,True,0
0,1,30.98376702341904,20.2,False,False,False,True,False,False,False,True,True,False,True,False,True,False,True,False,True,False,True,False,False,False,True,False,False,False,1
0,19,54.010610537055754,865.85,True,False,False,True,False,False,False,False,False,False,False,False,False,False,False,False,False,False,False,False,False,False,True,False,False,False,0
0,43,113.77025822847932,4209.95,False,True,True,True,False,True,True,False,False,False,False,False,False,True,False,False,False,True,False,True,False,False,True,False,False,False,0
0,72,123.43045525105417,7679.65,False,True,True,True,False,False,True,False,False,True,False,True,False,True,False,True,False,True,False,True,False,True,True,False,False,False,1
0,20,122.3993360221668,2203.7,True,False,False,True,False,False,True,False,False,True,False,True,False,True,False,True,False,True,False,True,False,False,True,False,False,False,0
0,10,70.47100551975939,568.85,True,True,False,True,False,False,False,False,False,True,False,False,False,False,False,True,False,False,False,False,False,False,True,True,False,False,0
0,4,110.2892006404062,367.95,True,False,False,True,False,True,True,False,False,True,False,False,False,False,False,False,False,True,False,False,False,False,False,False,True,False,0
0,10,48.02182828177029,301.9,False,False,False,False,True,False,False,False,False,True,False,False,False,False,False,False,False,False,False,False,False,False,False,False,False,True,0
0,71,80.8578431032895,4145.25,False,True,True,False,True,False,False,False,False,True,False,True,False,False,False,True,False,True,False,True,False,True,False,False,False,True,1
0,1,94.23278481527882,76.35,False,False,False,True,False,False,True,False,False,False,False,False,False,True,False,False,False,False,False,False,False,False,False,False,True,False,1
0,63,126.73193723728357,6780.1,False,False,False,True,False,True,True,False,False,True,False,True,False,True,False,False,False,True,False,True,False,False,False,True,False,False,0
0,42,81.67578512718457,2763.35,True,True,True,True,False,False,False,False,False,True,False,False,False,False,False,True,False,False,False,True,True,False,False,True,False,False,0
1,27,113.1060129976249,2510.2,True,True,False,True,False,True,True,False,False,False,False,True,False,True,False,False,False,False,False,True,False,False,True,False,True,False,1
1,3,122.03729967302066,334.65,True,True,False,True,False,True,True,False,False,False,False,True,False,True,False,False,False,True,False,True,False,False,True,False,True,False,1
1,2,87.19749426194736,156.4,True,False,False,True,False,True,True,False,False,False,False,False,False,False,False,False,False,False,False,False,False,False,True,False,False,True,1
0,16,99.31499215086194,1321.3,True,True,False,True,False,False,True,False,False,True,False,True,False,False,False,False,False,False,False,False,False,False,False,False,False,False,0
0,62,39.204612948549325,1416.75,False,True,False,True,False,True,False,True,True,False,True,False,True,False,True,False,True,False,True,False,False,True,False,False,False,False,0
0,22,101.69480847190839,1886.25,False,False,False,True,False,False,True,False,False,True,False,False,False,False,False,True,False,False,False,True,False,False,True,False,True,False,0
0,2,99.52525160853986,165.45,True,False,False,True,False,True,True,False,False,False,False,False,False,False,False,False,False,False,False,True,False,False,True,False,True,False,1
0,26,95.76054976283937,1959.5,False,True,False,True,False,False,False,False,False,False,False,True,False,False,False,True,False,True,False,True,False,False,True,False,True,False,0
0,69,95.2371592430342,5553.25,True,False,False,True,False,True,False,False,False,True,False,True,False,True,False,True,False,False,False,True,False,True,True,True,False,False,0
0,43,90.64609217007244,3161.4,True,False,False,True,False,True,True,False,False,False,False,False,False,False,False,False,False,False,False,False,False,False,True,True,False,False,0
0,22,85.90976485647482,1544.05,True,True,True,True,False,False,False,False,False,True,False,False,False,True,False,True,False,True,False,False,True,False,True,False,False,False,1
0,45,100.52308533823339,4016.85,False,False,False,True,False,True,True,False,False,False,False,True,False,False,False,False,False,True,False,False,False,False,True,True,False,False,1
0,7,81.44908544671317,438.9,False,False,False,True,False,False,False,False,False,True,False,True,False,True,False,False,False,False,False,False,False,False,False,False,True,False,0
0,41,28.49157697191833,865.0,False,False,True,True,False,False,False,True,True,False,True,False,True,False,True,False,True,False,True,False,True,False,True,True,False,False,0
0,15,62.99907688737536,736.8,False,False,False,True,False,False,False,False,False,False,False,True,False,False,False,False,False,False,False,False,False,False,False,False,True,False,0
1,22,106.17932695362452,1938.9,True,True,False,True,False,False,True,False,False,False,False,False,False,False,False,False,False,True,False,True,False,False,True,False,False,False,0
0,7,65.74328795480719,355.1,False,True,False,True,False,False,False,False,False,True,False,False,False,False,False,False,False,False,False,False,False,False,True,False,False,False,0
0,24,40.99576200874442,688.0,True,True,False,False,True,False,False,False,False,False,False,False,False,True,False,False,False,False,False,False,False,False,False,False,True,False,0
0,37,34.08810257489353,813.3,False,False,False,True,False,False,False,True,True,False,True,False,True,False,True,False,True,False,True,False,False,True,False,False,False,True,1
0,54,88.42950388264882,3715.65,False,True,False,True,False,True,False,False,False,False,False,False,False,False,False,False,False,True,False,True,True,False,True,True,False,False,1
0,49,126.11516687328134,4941.8,False,True,True,True,False,True,True,False,False,False,False,True,False,False,False,False,False,True,False,True,True,False,False,False,False,True,1
0,23,28.553403859927364,481.1,True,False,False,True,False,False,False,True,True,False,True,False,True,False,True,False,True,False,True,False,True,False,False,False,False,True,0
1,15,83.89785323751858,1147.45,False,False,False,True,False,False,True,False,False,False,False,True,False,False,False,False,False,False,False,False,False,False,True,True,False,False,1
0,34,113.18838049274416,3410.0,True,True,True,True,False,True,True,False,False,False,False,True,False,False,False,False,False,True,False,True,False,False,True,False,False,False,0
0,31,83.46355774949814,2168.15,True,False,False,True,False,True,False,False,False,False,False,True,False,False,False,True,False,True,False,False,False,False,True,False,True,False,0
0,32,94.42987252540897,2723.75,False,True,True,True,False,False,True,False,False,False,False,True,False,False,False,False,False,True,False,False,False,False,True,False,True,False,0
0,50,120.20237179805414,5071.05,True,True,True,True,False,True,True,False,False,False,False,True,False,False,False,True,False,True,False,True,False,False,False,False,True,False,1
0,32,105.65751788318198,2596.15,True,False,False,True,False,True,True,False,False,False,False,True,False,False,False,False,False,False,False,False,False,False,True,False,False,False,1
0,61,44.92369677228586,1551.6,False,True,True,True,False,True,False,True,True,False,True,False,True,False,True,False,True,False,True,False,False,True,True,False,False,True,0
0,32,108.7116242953702,3145.9,True,True,False,True,False,True,True,False,False,False,False,True,False,False,False,False,False,True,False,True,False,False,True,True,False,False,0
0,1,78.50255590755427,54.5,False,False,True,True,False,False,False,False,False,True,False,False,False,False,False,True,False,False,False,False,False,False,False,False,True,False,0
0,46,40.49648592031913,851.2,True,True,False,True,False,False,False,True,True,False,True,False,True,False,True,False,True,False,True,False,False,False,False,False,True,False,1
0,27,80.42740664642241,1874.45,False,True,True,True,False,False,False,False,False,True,False,True,False,True,False,True,False,False,False,False,True,False,False,False,False,True,0
0,57,80.78004615160091,3913.3,False,True,True,True,False,False,False,False,False,True,False,False,False,False,False,False,False,True,False,True,True,False,True,False,False,False,1
1,7,100.99708320235065,503.6,False,False,False,True,False,False,True,False,False,True,False,False,False,False,False,False,False,False,False,False,False,False,False,False,False,False,1
0,17,110.9859162451801,1574.45,False,True,True,True,False,False,True,False,False,True,False,False,False,False,False,True,False,True,False,False,False,False,False,False,True,False,1
0,12,33.493711726907286,258.35,True,True,True,True,False,False,False,True,True,False,True,False,True,False,True,False,True,False,True,False,False,True,False,False,False,True,0
0,1,91.19141535716818,70.0,True,True,True,True,False,False,True,False,False,False,False,False,False,False,False,False,False,False,False,False,False,False,True,False,True,False,1
0,31,123.61216667398111,3205.6,False,False,False,True,False,True,True,False,False,True,False,True,False,False,False,False,False,True,False,True,False,False,False,False,True,False,0
0,23,40.7141140725751,445.3,True,True,True,True,False,False,False,True,True,False,True,False,True,False,True,False,True,False,True,False,True,False,True,True,False,False,0
0,55,88.93779529298433,4264.25,False,True,True,True,False,True,False,False,False,True,False,True,False,False,False,True,False,False,False,True,True,False,True,False,False,False,1
0,22,79.77207664544773,1427.55,True,False,False,True,False,True,False,False,False,True,False,True,False,True,False,False,False,False,False,False,False,False,False,False,False,True,0
0,53,79.87538269709948,3686.05,True,True,True,True,False,True,False,False,False,True,False,True,False,False,False,False,False,False,False,True,False,True,False,False,False,False,0
0,48,72.76658919697186,2651.2,True,True,True,True,False,False,False,False,False,False,False,True,False,True,False,False,False,False,False,False,True,False,True,True,False,False,0
1,16,66.7984742307729,825.1,True,True,False,True,False,False,False,False,False,True,False,True,False,False,False,False,False,False,False,False,False,False,True,False,False,False,0
0,25,61.91224250267535,1423.15,False,False,False,False,True,False,False,False,False,False,False,False,False,True,False,True,False,True,False,True,True,False,False,False,True,False,0
1,39,108.21258382719387,3949.15,False,True,False,True,False,True,True,False,False,False,False,False,False,False,False,True,False,True,False,True,False,False,True,False,True,False,0
0,70,51.2162736165273,1782.05,True,True,True,True,False,True,False,True,True,False,True,False,True,False,True,False,True,False,True,False,False,True,False,False,False,True,0
0,19,30.204741143913857,467.5,True,False,True,True,False,False,False,True,True,False,True,False,True,False,True,False,True,False,True,False,False,True,False,True,False,False,0
0,1,93.92617299053659,80.05,False,True,True,True,False,False,True,False,False,False,False,False,False,False,False,False,False,True,False,False,False,False,True,False,False,True,1
1,7,118.34510762885171,700.85,True,True,False,True,False,True,True,False,False,False,False,False,False,True,False,False,False,True,False,True,False,False,True,False,True,False,1
0,70,88.84830660958195,5315.8,True,True,False,True,False,True,False,False,False,True,False,False,False,True,False,True,False,False,False,True,False,True,True,True,False,False,0
1,2,52.37404468900724,85.15,True,False,False,True,False,False,False,False,False,False,False,False,False,False,False,False,False,False,False,False,False,False,False,False,False,True,1
0,52,100.73764707150977,4577.75,True,False,False,True,False,True,True,False,False,False,False,False,False,True,False,False,False,False,False,True,False,True,True,True,False,False,0
0,32,70.32225909279987,1739.6,False,False,False,True,False,True,False,False,False,False,False,True,False,False,False,False,False,False,False,False,False,False,True,False,True,False,0
0,53,129.49478047472672,5576.3,True,True,True,True,False,True,True,False,False,False,False,True,False,True,False,False,False,True,False,True,True,False,True,False,True,False,0
0,18,104.42657556306608,1633.0,True,False,False,True,False,True,True,False,False,False,False,False,False,True,False,False,False,True,False,False,True,False,True,True,False,False,0
1,70,123.12969608852049,7195.35,False,True,False,True,False,True,True,False,False,False,False,True,False,False,False,True,False,True,False,True,True,False,True,False,False,False,0
0,1,39.50432596943483,20.65,False,True,False,True,False,False,False,True,True,False,True,False,True,False,True,False,True,False,True,False,False,False,True,False,False,True,0
1,52,63.89182474391309,2566.3,False,False,False,False,True,False,False,False,False,False,False,True,False,True,False,True,False,True,False,False,False,False,True,False,True,False,0
0,15,105.22852077331498,1308.4,False,True,False,True,False,False,True,False,False,False,False,False,False,True,False,False,False,True,False,False,False,False,True,False,True,False,1
0,11,35.01081401493599,231.45,True,False,False,True,False,False,False,True,True,False,True,False,True,False,True,False,True,False,True,False,False,True,False,False,False,True,0
0,15,112.31196092431504,1539.8,True,True,False,True,False,True,True,False,False,False,False,False,False,True,False,True,False,True,False,True,False,False,True,False,True,False,0
0,54,124.11968755935025,5893.15,False,True,False,True,False,True,True,False,False,False,False,True,False,True,False,True,False,True,False,True,True,False,False,False,True,False,1
0,20,42.315149282040124,419.4,True,False,False,True,False,False,False,True,True,False,True,False,True,False,True,False,True,False,True,False,False,True,True,False,False,True,0
0,21,87.43947812369916,1625.0,True,True,True,True,False,True,False,False,False,True,False,True,False,False,False,True,False,True,False,False,True,False,False,False,False,True,1
0,51,40.51924772376847,1266.4,True,False,False,True,False,True,False,True,True,False,True,False,True,False,True,False,True,False,True,False,True,False,True,False,False,False,0
0,71,88.73848143136948,5552.5,True,False,False,True,False,True,True,False,False,False,False,True,False,False,False,False,False,False,False,False,True,False,True,True,False,False,0
0,1,107.07410862512809,95.45,True,False,False,True,False,True,True,False,False,False,False,False,False,False,False,False,False,True,False,True,False,False,True,False,True,False,1
1,8,105.99297789503703,695.75,False,False,False,True,False,True,True,False,False,False,False,False,False,False,False,False,False,False,False,True,False,False,False,False,True,False,0
1,14,116.07127420253578,1531.4,False,False,False,True,False,True,True,False,False,False,False,True,False,True,False,False,False,True,False,True,False,False,True,False,True,False,1
0,42,36.04646290203246,839.4,True,False,False,True,False,False,False,True,True,False,True,False,True,False,True,False,True,False,True,False,True,False,True,False,False,True,0
0,69,92.77181086881114,5542.55,True,True,True,True,False,False,False,False,False,True,False,True,False,False,False,True,False,True,False,True,False,True,False,False,False,False,0
0,72,116.2368275340809,7285.7,True,True,False,True,False,True,True,False,False,False,False,True,False,False,False,False,False,True,False,True,False,True,True,False,True,False,0
0,49,50.658229796306046,2070.75,False,True,False,False,True,False,False,False,False,True,False,False,False,False,False,False,False,True,False,False,False,False,False,False,False,False,0
0,34,110.94245674476024,3527.3,True,True,False,True,False,True,True,False,False,False,False,False,False,True,False,False,False,True,False,True,False,False,False,False,True,False,0
0,64,31.694071418357332,1208.6,False,True,False,True,False,False,False,True,True,False,True,False,True,False,True,False,True,False,True,False,False,True,False,True,False,False,0
0,58,118.77525520215376,5817.7,False,False,False,True,False,False,True,False,False,False,False,False,False,False,False,True,False,True,False,True,False,False,True,False,True,False,0
0,30,112.23490296882372,3021.3,True,False,False,True,False,False,True,False,False,False,False,True,False,False,False,False,False,True,False,True,True,False,True,False,False,False,0
0,24,87.01142315123947,1747.85,False,True,False,True,False,True,True,False,False,False,False,False,False,False,False,False,False,False,False,False,False,False,True,True,False,False,1
0,56,76.5404247333069,3346.8,False,True,True,True,False,False,False,False,False,True,False,True,False,True,False,False,False,False,False,False,False,True,True,True,False,False,0
1,30,113.07440122697437,2974.5,False,False,True,True,False,True,True,False,False,False,False,False,False,False,False,True,False,True,False,True,False,False,True,False,True,False,0
0,58,63.94322495266445,2413.05,False,True,True,True,False,False,False,False,False,False,False,False,False,False,False,False,False,False,False,False,True,False,True,False,False,True,0
0,26,97.63429736787617,2146.5,True,False,False,True,False,False,True,False,False,False,False,True,False,False,False,False,False,True,False,False,False,False,True,False,True,False,0
0,56,114.92962158436288,5744.35,False,True,False,True,False,True,True,False,False,False,False,False,False,True,False,True,False,True,False,True,False,True,False,False,False,False,0
0,50,96.28479922318633,4549.45,True,False,False,True,False,False,True,False,False,True,False,True,False,True,False,True,False,False,False,False,True,False,True,True,False,False,0
0,72,79.8381477181849,4390.25,True,False,False,False,True,False,False,False,False,True,False,False,False,True,False,True,False,True,False,True,False,True,True,True,False,False,0
0,4,52.91165316021454,169.65,True,True,True,True,False,False,False,False,False,False,False,False,False,False,False,False,False,False,False,False,False,False,False,False,True,False,0
0,8,28.836973641001535,161.65,False,False,False,True,False,False,False,True,True,False,True,False,True,False,True,False,True,False,True,False,False,True,False,False,False,True,0
0,71,31.175486775967755,1389.35,False,True,True,True,False,False,False,True,True,False,True,False,True,False,True,False,True,False,True,False,False,True,False,False,False,False,0
0,59,85.52549132333817,3958.2,True,True,False,True,False,False,False,False,False,True,False,True,False,True,False,False,False,True,False,False,True,False,False,True,False,False,0
0,42,122.7658385709239,4512.7,True,True,False,True,False,True,True,False,False,False,False,False,False,True,False,True,False,True,False,True,False,False,True,False,False,False,1
0,22,112.57727120140548,1885.15,True,True,True,True,False,True,True,False,False,False,False,False,False,True,False,False,False,True,False,False,False,False,True,False,True,False,0
0,59,108.60660981190235,5623.7,False,False,False,True,False,True,True,False,False,True,False,True,False,True,False,False,False,False,False,True,False,False,True,False,False,False,0
0,3,118.37366408647237,329.95,True,False,False,True,False,True,True,False,False,False,False,False,False,True,False,False,False,True,False,True,False,False,True,False,True,False,1
0,28,77.54151923600531,1654.45,False,False,False,True,False,True,False,False,False,True,False,False,False,True,False,False,False,False,False,False,True,False,False,False,False,True,0
0,2,33.00740773455557,47.7,True,False,False,True,False,False,False,True,True,False,True,False,True,False,True,False,True,False,True,False,True,False,False,False,False,True,0
1,24,65.5547128629537,971.3,True,True,False,False,True,False,False,False,False,True,False,False,False,False,False,False,False,False,False,True,False,False,False,False,False,False,0
0,3,60.565537839224305,79.45,True,False,False,False,True,False,False,False,False,False,False,True,False,False,False,False,False,False,False,False,False,False,True,False,True,False,1
0,26,53.1336678410069,978.6,False,True,False,False,True,False,False,False,False,True,False,False,False,True,False,False,False,False,False,False,True,False,False,True,False,False,0
0,1,96.46419144243944,84.85,True,False,False,True,False,False,True,False,False,False,False,False,False,True,False,False,False,True,False,False,False,False,True,False,True,False,1
0,52,68.86272456051594,2535.55,False,False,False,True,False,False,False,False,False,True,False,False,False,False,False,False,False,False,False,False,False,False,True,False,False,False,1
0,33,73.52344097364599,1955.4,False,True,True,True,False,False,False,False,False,True,False,True,False,True,False,False,False,False,False,False,True,False,True,False,False,True,0
0,16,62.41803921507875,875.35,True,False,False,True,False,True,False,False,False,False,False,True,False,False,False,False,False,False,False,False,False,False,False,False,True,False,0
0,18,99.5711716849883,1597.25,True,False,False,True,False,True,True,False,False,False,False,False,False,True,False,False,False,False,False,True,False,False,True,True,False,False,1
0,5,33.2645701444098,107.05,True,False,False,True,False,False,False,True,True,False,True,False,True,False,True,False,True,False,True,False,False,False,False,False,False,True,0
0,69,36.815594650262895,1713.1,True,False,False,True,False,True,False,True,True,False,True,False,True,False,True,False,True,False,True,False,False,True,False,False,False,False,1
0,71,43.826077929750284,1888.25,False,True,False,True,False,True,False,True,True,False,True,False,True,False,True,False,True,False,True,False,False,True,False,True,False,False,0
1,1,98.4383976539433,85.05,False,False,False,True,False,True,True,False,False,False,False,False,False,False,False,False,False,False,False,True,False,False,True,False,True,False,1
0,1,93.7882981160101,74.5,True,True,True,True,False,True,True,False,False,False,False,False,False,False,False,False,False,False,False,False,False,False,True,False,True,False,1
1,20,71.50137246003708,1259.35,False,True,False,True,False,False,False,False,False,False,False,True,False,False,False,False,False,False,False,True,False,False,True,False,True,False,0
0,28,112.56758986365207,2659.4,True,False,False,True,False,True,True,False,False,True,False,True,False,False,False,False,False,False,False,True,False,False,True,True,False,False,1
0,57,111.21317732619517,5468.95,False,False,False,True,False,True,True,False,False,False,False,True,False,False,False,True,False,False,False,True,True,False,False,False,True,False,0
0,53,105.89216966532696,4921.2,False,False,False,True,False,True,True,False,False,True,False,True,False,True,False,False,False,False,False,False,False,False,False,False,True,False,0
1,65,124.4355177944758,7246.15,True,False,False,True,False,True,True,False,False,True,False,False,False,True,False,True,False,True,False,True,False,True,True,False,True,False,0
0,16,97.32739866860113,1378.25,False,True,False,True,False,True,True,False,False,False,False,False,False,False,False,False,False,True,False,False,False,False,True,False,True,False,1
0,4,109.62785919951908,387.2,False,False,False,True,False,False,True,False,False,True,False,False,False,True,False,True,False,False,False,True,False,False,True,False,False,False,1
0,37,87.45755598363426,2347.85,False,False,False,True,False,True,False,False,False,True,False,False,False,False,False,False,False,True,False,False,True,False,False,False,False,False,0
0,18,78.9538391111995,1387.0,True,False,False,True,False,True,True,False,False,False,False,False,False,False,False,False,False,False,False,False,False,False,False,False,False,True,0
0,59,29.31832512996986,1188.25,True,True,True,True,False,False,False,True,True,False,True,False,True,False,True,False,True,False,True,False,False,True,False,False,False,True,0
0,39,34.56388881745079,757.95,False,True,True,True,False,False,False,True,True,False,True,False,True,False,True,False,True,False,True,False,False,True,False,False,False,True,0
0,58,45.482857508322454,1497.9,False,True,True,True,False,True,False,True,True,False,True,False,True,False,True,False,True,False,True,False,True,False,True,True,False,False,0
1,1,113.44836274415019,95.1,True,True,False,True,False,True,True,False,False,False,False,False,False,False,False,False,False,True,False,True,False,False,True,False,True,False,1
0,72,90.80914679273783,5480.25,True,True,True,True,False,False,False,False,False,False,False,True,False,True,False,False,False,True,False,True,False,True,True,False,False,False,0
0,6,37.69025550720379,146.3,False,True,False,True,False,False,False,True,True,False,True,False,True,False,True,False,True,False,True,False,False,False,False,False,False,False,1
0,35,98.05603374464557,2835.9,False,False,False,True,False,True,True,False,False,False,False,False,False,False,False,True,False,False,False,False,False,False,False,True,False,False,0
0,8,74.5318158412176,573.15,False,False,False,True,False,True,False,False,False,True,False,True,False,True,False,False,False,False,False,False,False,False,True,False,False,False,0
0,68,125.4512015984532,7856.0,True,True,True,True,False,True,True,False,False,True,False,True,False,True,False,True,False,True,False,True,False,True,True,False,True,False,1
0,72,39.10385593994108,1496.45,False,True,False,True,False,False,False,True,True,False,True,False,True,False,True,False,True,False,True,False,False,True,False,False,False,False,0
0,1,59.04549203017926,44.15,True,False,False,True,False,False,False,False,False,False,False,False,False,False,False,False,False,False,False,False,False,False,True,False,False,True,1
0,25,113.88126783013611,2395.7,False,True,False,True,False,False,True,False,False,False,False,False,False,False,False,True,False,True,False,True,False,False,True,False,True,False,0
0,4,93.58416853594656,307.4,True,True,False,True,False,False,True,False,False,False,False,False,False,False,False,False,False,True,False,False,False,False,True,False,True,False,1
0,67,128.67252531612485,6816.95,False,True,False,True,False,True,True,False,False,False,False,True,False,True,False,False,False,True,False,True,True,False,True,False,False,False,0
0,59,114.49405240443751,5655.45,False,False,False,True,False,False,True,False,False,False,False,False,False,True,False,False,False,True,False,True,False,True,False,False,True,False,0
0,1,62.87256814715078,50.05,True,False,True,True,False,True,False,False,False,False,False,False,False,False,False,False,False,False,False,False,False,False,True,False,True,False,0
0,58,46.2285340665581,1423.85,False,False,False,True,False,True,False,True,True,False,True,False,True,False,True,False,True,False,True,False,False,True,False,True,False,False,0
0,12,34.7211785673227,223.6,False,False,False,True,False,False,False,True,True,False,True,False,True,False,True,False,True,False,True,False,False,False,False,False,False,True,0
0,63,115.797908909698,6137.0,False,False,False,True,False,True,True,False,False,False,False,True,False,False,False,False,False,True,False,True,True,False,False,False,False,False,1
0,3,44.583979062790334,65.95,False,False,False,True,False,False,False,True,True,False,True,False,True,False,True,False,True,False,True,False,False,False,False,False,True,False,0
0,31,77.13675319132774,1994.3,False,False,False,True,False,True,False,False,False,True,False,False,False,True,False,True,False,False,False,False,False,False,False,True,False,False,1
1,27,97.29851796472111,2467.75,False,False,False,True,False,True,True,False,False,False,False,False,False,True,False,False,False,False,False,True,False,False,False,True,False,False,1
0,1,76.97052176898187,69.75,True,False,True,True,False,False,True,False,False,False,False,False,False,False,False,False,False,False,False,False,False,False,False,False,False,False,1
1,20,87.88404595651672,1614.2,False,False,False,True,False,False,True,False,False,False,False,False,False,False,False,False,False,True,False,False,False,False,False,False,False,False,0
0,56,31.895015224990914,1080.55,False,False,False,True,False,False,False,True,True,False,True,False,True,False,True,False,True,False,True,False,False,True,True,False,False,False,0
0,3,101.44673720092791,244.65,False,False,False,True,False,False,True,False,False,False,False,False,False,False,False,False,False,True,False,False,False,False,True,False,True,False,1
0,46,34.321613823039606,936.85,True,True,True,True,False,False,False,True,True,False,True,False,True,False,True,False,True,False,True,False,False,True,True,False,False,True,0
0,35,36.52041984697397,666.0,True,True,True,True,False,False,False,True,True,False,True,False,True,False,True,False,True,False,True,False,True,False,False,False,True,False,0
1,50,120.15396853837703,5163.3,True,True,False,True,False,True,True,False,False,True,False,False,False,True,False,False,False,True,False,True,False,True,True,True,False,False,0
1,8,92.3010058897933,600.15,False,False,False,True,False,False,True,False,False,False,False,False,False,True,False,False,False,False,False,False,False,False,True,False,False,False,0
0,60,39.75310013252276,1205.05,True,True,True,True,False,False,False,True,True,False,True,False,True,False,True,False,True,False,True,False,False,True,False,False,False,True,0
1,28,130.08710838575212,3204.4,False,True,False,True,False,True,True,False,False,False,False,True,False,True,False,True,False,True,False,True,False,False,True,False,True,False,1
0,69,81.32598814891216,4131.2,False,True,False,True,False,False,False,False,False,False,False,True,False,False,False,False,False,False,False,True,False,True,True,True,False,False,0
0,4,74.11680096189967,234.85,True,False,False,True,False,False,False,False,False,False,False,False,False,False,False,False,False,True,False,False,False,False,True,False,True,False,0
0,67,30.3973977289535,1335.2,False,True,False,True,False,False,False,True,True,False,True,False,True,False,True,False,True,False,True,False,False,True,False,False,False,True,0
0,1,68.5810318240671,50.1,False,False,False,True,False,True,False,False,False,False,False,False,False,False,False,False,False,False,False,False,False,False,True,False,False,True,1
1,34,96.96618812286772,2718.3,False,True,True,True,False,True,True,False,False,False,False,True,False,False,False,False,False,False,False,False,False,False,True,False,False,True,1
0,45,119.02687844734722,4456.65,True,True,True,True,False,True,True,False,False,False,False,True,False,True,False,False,False,False,False,True,False,False,True,False,False,False,0
0,48,39.885251329346296,1173.35,True,True,True,True,False,True,False,True,True,False,True,False,True,False,True,False,True,False,True,False,False,True,False,False,False,True,0
0,67,39.652681451737834,1680.25,False,True,True,True,False,True,False,True,True,False,True,False,True,False,True,False,True,False,True,False,False,True,True,False,False,True,0
0,3,35.1268775307298,59.75,False,False,False,True,False,False,False,True,True,False,True,False,True,False,True,False,True,False,True,False,False,False,True,False,False,True,1
0,60,98.56792313116625,4801.1,True,False,False,True,False,False,False,False,False,True,False,False,False,True,False,True,False,True,False,True,True,False,False,False,False,True,0
0,31,88.91709050670124,2548.65,True,False,False,True,False,True,True,False,False,False,False,False,False,False,False,True,False,False,False,False,True,False,False,True,False,False,0
0,66,80.34972206483737,4428.45,True,True,False,True,False,True,False,False,False,True,False,True,False,True,False,False,False,False,False,False,False,True,True,True,False,False,0
0,46,48.71218168979201,1755.35,True,False,False,False,True,False,False,False,False,True,False,False,False,True,False,True,False,False,False,False,False,True,False,False,False,True,0
0,29,86.6228890641592,1974.8,True,True,True,True,False,False,True,False,False,False,False,False,False,False,False,False,False,False,False,False,False,False,True,False,True,False,1
0,6,96.63385975336362,497.55,False,False,False,True,False,False,True,False,False,False,False,False,False,True,False,False,False,False,False,True,False,False,False,False,True,False,1
0,72,90.86829968743336,5025.85,False,True,True,True,False,True,False,False,False,True,False,False,False,True,False,False,False,True,False,False,False,True,True,False,False,False,0
0,69,67.74760043204687,3804.4,True,True,False,True,False,False,False,False,False,True,False,True,False,False,False,False,False,False,False,False,True,False,True,True,False,False,0
0,32,71.71228781058419,2010.95,True,False,False,True,False,False,False,False,False,False,False,False,False,False,False,False,False,True,False,True,True,False,True,False,False,False,0
0,68,33.67010159876625,1620.2,True,True,True,True,False,True,False,True,True,False,True,False,True,False,True,False,True,False,True,False,False,True,False,False,False,False,0
1,4,81.05639875547861,308.7,True,True,False,True,False,True,True,False,False,False,False,False,False,False,False,False,False,False,False,False,False,False,False,False,True,False,1
0,6,68.21465908877755,288.35,True,False,False,True,False,False,False,False,False,False,False,False,False,False,False,True,False,False,False,False,False,False,False,False,False,True,0
0,1,31.70777889373782,20.3,True,False,False,True,False,False,False,True,True,False,True,False,True,False,True,False,True,False,True,False,False,False,False,False,False,True,0
0,72,96.15243898920359,5986.55,False,True,True,True,False,True,False,False,False,True,False,False,False,True,False,True,False,True,False,True,False,True,True,False,False,False,0
1,59,109.64192980744674,5890.0,False,False,False,True,False,True,True,False,False,False,False,False,False,True,False,False,False,True,False,True,True,False,True,False,True,False,0
1,46,90.99471132923631,3969.4,True,False,False,True,False,False,True,False,False,True,False,False,False,False,False,False,False,False,False,True,False,False,False,False,True,False,1
0,64,87.90089650133287,4764.0,True,True,False,True,False,False,True,False,False,True,False,False,False,False,False,False,False,False,False,False,False,False,True,False,False,True,0
0,61,107.8560196866645,5731.85,True,True,False,True,False,False,True,False,False,False,False,True,False,True,False,True,False,False,False,True,False,False,False,True,False,False,0
1,72,102.55618142108847,6440.25,False,True,True,True,False,True,False,False,False,True,False,True,False,True,False,True,False,True,False,True,False,True,False,True,False,False,1
1,20,104.45827772568182,1818.3,True,True,True,True,False,False,True,False,False,True,False,False,False,True,False,True,False,False,False,True,True,False,False,True,False,False,0
0,72,93.81685413238047,6350.5,False,False,False,True,False,True,False,False,False,False,False,True,False,True,False,True,False,True,False,True,False,True,False,False,False,False,1
0,1,30.253323030906227,19.95,True,False,False,True,False,False,False,True,True,False,True,False,True,False,True,False,True,False,True,False,False,False,False,False,False,True,0
0,42,68.65280278740889,2386.85,True,True,False,True,False,True,False,False,False,True,False,False,False,False,False,False,False,False,False,False,True,False,False,True,False,False,0
0,22,65.95756731721724,1178.75,False,True,False,True,False,False,False,False,False,False,False,True,False,True,False,False,False,False,False,False,False,False,True,False,False,True,0
0,70,30.791325657878545,2006.95,False,True,False,True,False,True,False,True,True,False,True,False,True,False,True,False,True,False,True,False,False,True,True,False,False,False,1
0,17,34.07107650354936,418.25,False,True,True,True,False,False,False,True,True,False,True,False,True,False,True,False,True,False,True,False,True,False,False,False,False,True,0
0,6,66.55315017022993,336.7,True,False,False,True,False,False,False,False,False,True,False,False,False,False,False,False,False,False,False,True,False,False,True,False,False,False,0
0,21,43.288542800086574,565.75,True,True,True,False,True,False,False,False,False,False,False,False,False,False,False,False,False,False,False,False,False,False,True,False,True,False,0
0,61,29.344919001187716,1226.45,True,True,True,True,False,False,False,True,True,False,True,False,True,False,True,False,True,False,True,False,True,False,False,False,False,True,0
0,33,44.53040139192345,826.1,False,False,False,True,False,True,False,True,True,False,True,False,True,False,True,False,True,False,True,False,False,True,False,True,False,False,0
0,46,51.43790039500019,1842.7,True,True,False,False,True,False,False,False,False,True,False,False,False,True,False,True,False,False,False,False,False,True,False,True,False,False,0
0,16,102.4547303216669,1448.6,True,False,False,True,False,True,True,False,False,False,False,False,False,False,False,True,False,False,False,True,False,False,True,True,False,False,1
0,14,61.83373353831881,712.75,True,False,False,False,True,False,False,False,False,False,False,False,False,True,False,False,False,True,False,True,False,False,True,False,True,False,1
0,32,38.7138683756111,674.55,True,True,True,True,False,False,False,True,True,False,True,False,True,False,True,False,True,False,True,False,False,False,True,True,False,False,0
0,1,69.70211919093026,49.95,False,False,False,True,False,False,False,False,False,False,False,True,False,False,False,False,False,False,False,False,False,False,False,False,True,False,0
0,1,40.09104359223,24.8,False,True,False,False,True,False,False,False,False,False,False,False,False,False,False,False,False,False,False,False,False,False,True,False,True,False,1
0,5,65.98425941479384,249.95,False,False,False,True,False,True,False,False,False,False,False,False,False,False,False,False,False,False,False,False,False,False,True,False,False,True,1
0,2,34.986841538238096,35.85,False,False,True,True,False,False,False,True,True,False,True,False,True,False,True,False,True,False,True,False,False,False,True,False,True,False,1
0,61,100.56528412314435,5526.75,False,True,True,True,False,True,False,False,False,True,False,True,False,True,False,True,False,True,False,True,False,True,False,False,False,True,0
0,1,56.8610812404588,45.8,True,False,False,True,False,False,False,False,False,False,False,False,False,False,False,False,False,False,False,False,False,False,True,False,False,True,0
0,62,117.47365377679827,6590.5,True,False,True,True,False,True,True,False,False,False,False,False,False,True,False,True,False,True,False,True,False,True,True,False,True,False,0
0,1,90.567957751526,77.15,False,False,False,True,False,True,True,False,False,False,False,False,False,False,False,False,False,False,False,False,False,False,True,False,True,False,1
1,67,106.18547401102047,6079.0,True,True,False,True,False,True,True,False,False,False,False,False,False,False,False,False,False,True,False,True,False,False,True,True,False,False,0
0,2,71.30252123994927,103.7,False,False,False,True,False,False,False,False,False,False,False,True,False,False,False,False,False,False,False,False,False,False,False,False,False,True,0
1,67,131.64664769990847,7171.7,True,False,False,True,False,False,True,False,False,True,False,True,False,False,False,True,False,True,False,True,False,True,True,False,True,False,0
0,72,80.3757200909596,4811.6,True,True,True,True,False,True,False,False,False,True,False,False,False,True,False,True,False,False,False,False,False,True,True,True,False,False,0
1,32,118.95841557090198,2897.95,False,False,False,True,False,False,True,False,False,False,False,False,False,False,False,False,False,True,False,True,False,False,False,False,True,False,0
0,72,103.72882963566875,6637.9,False,True,False,True,False,True,False,False,False,True,False,True,False,True,False,True,False,True,False,True,False,True,True,False,False,False,0
0,34,124.03843263424761,3480.0,True,True,False,True,False,True,True,False,False,False,False,False,False,True,False,False,False,True,False,True,False,False,True,False,True,False,1
0,33,119.66295415936546,3320.6,False,False,False,True,False,True,True,False,False,False,False,True,False,False,False,False,False,True,False,True,False,False,True,False,True,False,0
0,72,123.37683425001488,7854.9,False,True,True,True,False,False,True,False,False,True,False,True,False,True,False,True,False,True,False,True,False,True,True,True,False,False,0
0,48,74.86970050137676,2896.4,False,False,False,True,False,False,False,False,False,True,False,False,False,True,False,True,False,False,False,False,True,False,True,True,False,False,1
1,36,103.58419657932765,3021.6,True,True,False,True,False,True,True,False,False,False,False,False,False,False,False,False,False,False,False,True,False,False,True,False,True,False,1
0,72,54.433833822385395,2763.0,True,True,True,False,True,False,False,False,False,True,False,True,False,True,False,False,False,False,False,False,False,True,False,True,False,False,0
0,44,86.58046587605219,2774.55,True,False,False,True,False,False,False,False,False,True,False,False,False,False,False,True,False,True,False,False,True,False,False,False,True,False,0
0,64,38.99815397811719,1240.15,True,False,False,True,False,False,False,True,True,False,True,False,True,False,True,False,True,False,True,False,False,True,False,False,False,True,0
0,26,83.88936095554027,1908.35,True,False,False,True,False,False,False,False,False,True,False,False,False,False,False,True,False,True,False,True,True,False,False,False,False,False,0
1,25,94.38430161872029,2191.15,False,True,False,True,False,False,True,False,False,False,False,True,False,True,False,False,False,False,False,True,False,False,False,False,False,False,0
0,15,88.40164938060113,1130.0,False,False,False,True,False,False,True,False,False,False,False,True,False,False,False,False,False,True,False,False,False,False,True,False,False,False,0
0,10,34.81498999185756,187.35,False,False,False,True,False,False,False,True,True,False,True,False,True,False,True,False,True,False,True,False,False,False,True,False,False,True,0
0,63,112.45134470862914,6311.2,False,True,True,True,False,True,True,False,False,True,False,False,False,False,False,False,False,True,False,True,True,False,True,True,False,False,0
1,63,113.36135221711811,5538.8,False,False,False,True,False,True,True,False,False,False,False,False,False,True,False,False,False,False,False,True,False,False,True,False,False,False,0
0,18,100.4188230203663,1468.75,True,True,False,True,False,False,True,False,False,False,False,False,False,True,False,True,False,False,False,False,False,False,False,False,True,False,0
0,2,99.3508458329481,146.9,False,False,False,True,False,False,False,False,False,True,False,False,False,False,False,False,False,True,False,True,False,False,True,False,True,False,1
0,1,40.820435841441785,21.0,False,True,True,True,False,False,False,True,True,False,True,False,True,False,True,False,True,False,True,False,False,False,True,False,True,False,1
0,1,55.59689632676066,45.1,True,False,False,True,False,False,False,False,False,False,False,False,False,False,False,False,False,False,False,False,False,False,True,False,False,False,1
0,69,110.64111656806796,6480.9,True,True,True,True,False,False,True,False,False,False,False,True,False,False,False,True,False,True,False,False,False,True,True,False,False,True,0
1,2,102.90849355324173,186.05,False,False,False,True,False,True,True,False,False,False,False,False,False,False,False,False,False,False,False,True,False,False,True,False,True,False,0
0,19,72.78921797204708,1093.2,True,False,False,True,False,False,False,False,False,False,False,False,False,False,False,True,False,True,False,False,False,False,True,True,False,False,0
0,69,102.14430035162853,6194.1,True,True,True,True,False,True,False,False,False,True,False,False,False,True,False,True,False,True,False,True,False,True,False,False,False,False,0
0,60,136.96815874929885,7049.5,True,False,False,True,False,True,True,False,False,True,False,True,False,True,False,True,False,True,False,True,True,False,True,True,False,False,0
0,35,93.32171842714953,3110.1,False,False,False,True,False,True,False,False,False,True,False,False,False,True,False,True,False,True,False,True,True,False,True,True,False,False,1
0,41,29.54731837434656,798.2,True,True,True,True,False,False,False,True,True,False,True,False,True,False,True,False,True,False,True,False,True,False,False,False,False,False,0
0,52,113.49163456260861,4976.15,False,True,True,True,False,True,True,False,False,False,False,True,False,True,False,False,False,True,False,False,True,False,True,True,False,False,0
0,4,94.76525621587638,265.35,True,False,False,True,False,True,True,False,False,False,False,False,False,False,False,False,False,False,False,False,False,False,True,False,True,False,1
0,35,99.39177749936356,3403.4,True,False,False,True,False,True,True,False,False,True,False,True,False,True,False,True,False,False,False,False,False,False,True,False,False,True,0
1,1,84.98218274078074,69.75,True,False,False,True,False,False,True,False,False,False,False,False,False,False,False,False,False,False,False,False,False,False,True,False,True,False,1
0,61,107.30785944928026,5500.6,False,False,False,True,False,True,True,False,False,False,False,False,False,True,False,False,False,False,False,True,False,False,False,False,False,True,0
0,3,75.72541083743484,191.35,True,False,False,True,False,False,False,False,False,False,False,False,False,False,False,True,False,True,False,True,False,False,True,False,True,False,1
0,63,58.47708174494015,2395.05,True,True,True,False,True,False,False,False,False,False,False,True,False,True,False,True,False,False,False,False,False,True,False,False,False,False,0
0,59,96.76824627357848,5084.65,True,True,False,True,False,True,True,False,False,False,False,False,False,False,False,False,False,False,False,True,True,False,False,False,True,False,1
0,17,95.70368593157511,1445.95,True,False,True,True,False,False,False,False,False,False,False,True,False,True,False,True,False,True,False,True,True,False,False,False,True,False,0
1,16,86.60902002701275,1043.3,True,False,False,True,False,False,True,False,False,False,False,False,False,False,False,False,False,False,False,False,False,False,False,False,True,False,0
0,48,121.17316929266153,4997.5,False,True,True,True,False,True,True,False,False,True,False,True,False,False,False,False,False,True,False,True,False,False,True,True,False,False,0
0,9,59.02596610013866,373.0,True,False,False,False,True,False,False,False,False,True,False,True,False,True,False,False,False,False,False,False,True,False,False,False,False,True,0
0,63,101.88557533669933,4896.35,True,True,True,True,False,False,True,False,False,False,False,True,False,True,False,False,False,False,False,False,False,False,True,True,False,False,0
0,72,122.82691351350805,7881.2,False,True,False,True,False,True,True,False,False,True,False,False,False,True,False,True,False,True,False,True,False,True,True,True,False,False,0
0,9,108.99042380383928,870.25,False,False,True,True,False,False,True,False,False,True,False,False,False,True,False,True,False,False,False,True,False,False,False,False,False,False,0
0,1,66.55954773178476,54.9,False,False,False,True,False,False,False,False,False,True,False,True,False,False,False,False,False,False,False,False,False,False,True,False,True,False,1
1,40,115.60487475819126,4116.8,True,True,False,True,False,False,True,False,False,True,False,True,False,True,False,True,False,True,False,False,True,False,True,True,False,False,0
1,72,139.5057598776126,8277.05,False,True,False,True,False,True,True,False,False,True,False,True,False,True,False,True,False,True,False,True,False,True,True,True,False,False,0
0,4,37.00508733601309,85.5,False,False,False,True,False,False,False,True,True,False,True,False,True,False,True,False,True,False,True,False,False,False,False,False,False,False,1
0,34,34.10517925760463,673.2,False,False,False,True,False,False,False,True,True,False,True,False,True,False,True,False,True,False,True,False,False,False,False,False,False,True,0
0,18,101.05350094812107,1745.5,False,True,False,True,False,False,True,False,False,False,False,False,False,True,False,False,False,True,False,True,False,False,True,True,False,False,0
0,2,32.766143347158334,38.7,False,False,False,True,False,False,False,True,True,False,True,False,True,False,True,False,True,False,True,False,False,False,False,False,False,True,1
0,71,31.253077042067886,1539.75,True,True,False,True,False,False,False,True,True,False,True,False,True,False,True,False,True,False,True,False,True,False,False,False,True,False,0
0,50,35.47598642986549,1195.25,True,False,False,True,False,True,False,True,True,False,True,False,True,False,True,False,True,False,True,False,False,True,False,False,False,False,0
0,1,61.770305222320445,44.65,True,False,False,False,True,False,False,False,False,False,False,True,False,False,False,True,False,False,False,True,False,False,True,False,False,True,1
0,22,64.55488371356988,1073.3,False,False,False,False,True,False,False,False,False,False,False,False,False,True,False,False,False,True,False,True,False,False,True,False,True,False,0
0,8,117.5110747231762,773.65,True,False,False,True,False,True,True,False,False,False,False,True,False,True,False,False,False,True,False,False,False,False,True,False,True,False,1
0,5,104.03703436050239,461.7,False,False,False,True,False,False,True,False,False,False,False,True,False,False,False,True,False,False,False,True,False,False,True,False,True,False,1
0,72,83.42327820644948,5336.35,True,False,False,True,False,False,False,False,False,True,False,True,False,True,False,True,False,True,False,False,False,True,True,False,False,False,0
0,25,124.2364680256163,2686.05,True,False,False,True,False,False,True,False,False,True,False,False,False,True,False,True,False,True,False,True,False,False,True,False,True,False,0
0,6,80.62300626521554,401.3,False,False,False,True,False,True,True,False,False,False,False,False,False,False,False,False,False,False,False,False,False,False,True,False,False,True,0
0,61,113.5763177926655,6010.05,False,True,True,True,False,True,True,False,False,False,False,True,False,False,False,False,False,True,False,True,False,False,True,False,True,False,1
0,2,75.08962935669635,113.55,True,True,True,True,False,True,False,False,False,True,False,False,False,False,False,False,False,False,False,False,False,False,False,False,False,True,1
1,70,85.28930494007197,5411.4,False,True,False,True,False,True,True,False,False,False,False,False,False,False,False,False,False,False,False,False,False,True,True,True,False,False,0
0,68,41.485620826009125,1629.2,True,True,False,True,False,True,False,True,True,False,True,False,True,False,True,False,True,False,True,False,False,True,False,True,False,False,0
0,24,98.05421430633504,2001.0,True,False,False,True,False,False,True,False,False,False,False,False,False,False,False,False,False,False,False,True,False,False,True,True,False,False,0
0,1,101.63834496236646,80.5,True,False,False,True,False,False,True,False,False,False,False,False,False,False,False,False,False,False,False,True,False,False,False,False,True,False,1
0,35,92.07698742295585,2568.55,False,True,True,True,False,True,False,False,False,True,False,False,False,True,False,True,False,True,False,False,False,False,False,False,True,False,1
0,24,34.99966315133164,452.55,False,True,True,True,False,False,False,True,True,False,True,False,True,False,True,False,True,False,True,False,False,True,False,False,False,True,0
0,19,108.0139715546805,1532.45,True,False,False,True,False,True,True,False,False,False,False,False,False,False,False,False,False,False,False,True,False,False,True,False,False,False,1
0,15,111.88116830675591,1415.0,False,False,False,True,False,True,True,False,False,False,False,True,False,False,False,False,False,True,False,True,False,False,True,False,True,False,0
0,15,118.52022698180525,1426.4,False,False,False,True,False,False,True,False,False,True,False,True,False,False,False,False,False,True,False,True,False,False,True,True,False,False,1
0,51,116.45329297919326,4812.75,True,True,False,True,False,True,True,False,False,False,False,False,False,False,False,False,False,True,False,True,False,False,True,False,True,False,1
0,7,88.2983001945554,415.95,False,False,False,True,False,False,False,False,False,False,False,False,False,False,False,True,False,True,False,False,False,False,True,False,False,True,1
0,49,42.5863848974048,1453.1,True,False,False,False,True,False,False,False,False,False,False,False,False,True,False,False,False,False,False,False,False,False,True,False,False,False,0
0,33,30.83280903889525,838.5,False,True,True,True,False,True,False,True,True,False,True,False,True,False,True,False,True,False,True,False,False,False,False,False,False,False,0
0,70,123.04153125103362,7534.65,True,True,False,True,False,False,True,False,False,True,False,True,False,True,False,True,False,True,False,True,True,False,True,False,False,False,1
0,68,135.23540334643485,7849.85,True,True,True,True,False,True,True,False,False,True,False,True,False,True,False,True,False,True,False,True,False,True,True,False,False,False,0
1,10,104.21552899088041,856.65,True,True,False,True,False,True,True,False,False,False,False,False,False,False,False,False,False,False,False,True,False,False,True,False,True,False,1
0,72,102.10154939704495,5959.3,False,True,True,True,False,True,False,False,False,True,False,True,False,True,False,False,False,True,False,True,False,True,True,True,False,False,0
0,47,74.60284598615472,2723.4,False,True,False,True,False,False,False,False,False,False,False,True,False,False,False,False,False,True,False,False,False,False,True,False,False,False,0
0,43,107.64862727905674,4107.3,False,True,False,True,False,True,True,False,False,True,False,True,False,False,False,False,False,False,False,True,False,False,True,False,True,False,0
0,12,66.84568057176035,552.1,False,False,False,False,True,False,False,False,False,True,False,False,False,True,False,True,False,False,False,True,False,True,False,False,False,True,0
0,50,91.09004156096621,4024.2,False,False,False,True,False,True,False,False,False,False,False,True,False,False,False,True,False,True,False,True,False,True,True,False,False,True,0
0,18,78.11885048433533,990.85,True,True,True,True,False,False,False,False,False,False,False,False,False,True,False,False,False,False,False,True,False,False,False,False,True,False,1
0,29,105.84188316030975,2607.6,True,False,False,True,False,False,True,False,False,False,False,False,False,False,False,True,False,True,False,True,False,False,True,False,True,False,0
0,72,133.52670421221603,7758.9,True,True,False,True,False,True,True,False,False,False,False,True,False,True,False,True,False,True,False,True,False,True,True,True,False,False,0
0,3,69.61964544230054,189.1,True,False,False,True,False,False,False,False,False,False,False,False,False,False,False,False,False,False,False,True,False,False,False,False,False,True,0
0,24,39.14577086805001,470.2,False,False,False,True,False,False,False,True,True,False,True,False,True,False,True,False,True,False,True,False,False,True,True,False,False,False,0
0,45,76.91767038578658,2553.7,True,True,True,True,False,False,False,False,False,True,False,False,False,False,False,True,False,False,False,False,False,True,False,False,False,False,1
0,16,93.11709097688298,1398.25,True,True,True,True,False,True,False,False,False,True,False,True,False,False,False,True,False,True,False,True,False,False,False,False,True,False,0
1,72,35.03584439832788,1789.9,True,False,False,True,False,True,False,True,True,False,True,False,True,False,True,False,True,False,True,False,False,True,True,True,False,False,0
0,55,94.41511928435393,4589.85,False,False,False,True,False,True,True,False,False,True,False,False,False,True,False,False,False,False,False,False,True,False,True,True,False,False,0
0,53,90.95951252187612,3827.9,True,True,True,True,False,True,False,False,False,True,False,False,False,False,False,True,False,False,False,True,False,False,False,False,True,False,0
0,43,84.81220067815512,3365.85,True,False,False,True,False,True,True,False,False,False,False,True,False,False,False,False,False,False,False,False,False,False,True,False,True,False,1
0,12,78.16455684465905,832.3,True,False,False,True,False,True,False,False,False,True,False,True,False,False,False,True,False,False,False,False,False,False,True,False,True,False,1
0,63,84.36758672625623,4111.35,True,False,False,True,False,True,False,False,False,True,False,True,False,True,False,True,False,False,False,False,True,False,False,False,False,False,0
1,34,109.16807054736715,3190.25,False,False,False,True,False,True,True,False,False,False,False,True,False,False,False,True,False,True,False,False,False,False,True,False,True,False,0
0,13,76.60982857907129,816.8,False,True,True,True,False,False,False,False,False,True,False,False,False,True,False,False,False,False,False,True,False,False,True,False,False,True,0
1,3,91.88376609576892,239.05,False,True,False,True,False,False,True,False,False,False,False,True,False,False,False,False,False,False,False,False,False,False,True,False,False,False,1
0,44,76.94786072865355,2375.2,True,True,True,False,True,False,False,False,False,True,False,True,False,True,False,True,False,False,False,True,False,True,True,True,False,False,0
1,14,106.53716436589862,1266.1,True,False,False,True,False,False,True,False,False,False,False,False,False,False,False,False,False,True,False,True,False,False,False,True,False,False,1
0,5,82.95341601940902,316.9,True,False,False,True,False,False,True,False,False,False,False,False,False,False,False,False,False,False,False,False,False,False,True,False,True,False,0
0,5,76.98503133234166,330.15,False,True,False,True,False,False,True,False,False,False,False,False,False,False,False,False,False,False,False,False,False,False,False,False,True,False,0
0,26,106.15861010841316,2515.3,True,False,False,True,False,True,True,False,False,False,False,False,False,True,False,False,False,True,False,True,False,False,True,False,True,False,1
0,56,69.86323432904713,3389.25,True,True,False,True,False,True,False,False,False,False,False,True,False,True,False,False,False,False,False,False,False,True,False,True,False,False,0
0,7,85.96585291980956,458.1,False,False,False,True,False,False,False,False,False,False,False,False,False,False,False,False,False,True,False,True,False,False,True,False,True,False,0
0,51,99.90631715701782,4089.45,True,True,False,True,False,False,False,False,False,True,False,True,False,True,False,True,False,True,False,True,False,True,True,True,False,False,0
0,70,114.94643787042921,7554.05,True,True,True,True,False,True,True,False,False,True,False,True,False,False,False,False,False,True,False,True,False,False,True,False,True,False,0
0,9,68.69883640116102,466.6,False,True,False,True,False,False,False,False,False,False,False,True,False,False,False,False,False,False,False,False,False,False,False,False,False,True,0
0,58,118.83930973527387,5846.65,False,True,True,True,False,False,True,False,False,True,False,True,False,False,False,False,False,True,False,True,True,False,False,True,False,False,0
0,7,107.99515200233388,701.3,True,False,False,True,False,True,True,False,False,False,False,False,False,False,False,False,False,True,False,True,False,False,True,False,True,False,0
0,68,102.21262459621573,5023.0,True,False,False,True,False,True,False,False,False,True,False,True,False,True,False,False,False,False,False,True,True,False,True,True,False,False,0
0,40,99.44233289997706,3208.65,False,False,False,True,False,True,False,False,False,False,False,False,False,True,False,True,False,True,False,True,True,False,True,False,False,True,0
0,53,105.45153795986788,4616.1,True,True,True,True,False,True,False,False,False,True,False,False,False,True,False,True,False,True,False,True,False,False,False,False,True,False,0
0,8,36.53226104106528,137.6,False,False,False,True,False,False,False,True,True,False,True,False,True,False,True,False,True,False,True,False,False,False,True,False,False,True,0
0,33,28.277652497475735,641.35,False,True,True,True,False,False,False,True,True,False,True,False,True,False,True,False,True,False,True,False,False,True,False,True,False,False,0
0,3,71.62548931778505,161.45,False,False,False,True,False,False,False,False,False,False,False,False,False,True,False,False,False,True,False,False,False,False,False,False,True,False,0
0,12,96.83205879146001,1017.35,False,False,False,True,False,False,True,False,False,False,False,True,False,False,False,False,False,False,False,True,False,False,True,False,True,False,0
0,46,122.95026049512276,4822.85,False,False,True,True,False,False,True,False,False,True,False,True,False,False,False,True,False,True,False,True,True,False,True,False,False,False,1
0,5,90.58352568413792,320.4,False,True,True,True,False,False,True,False,False,False,False,False,False,False,False,False,False,False,False,False,False,False,False,True,False,False,0
0,62,109.26742692710874,5731.45,True,False,False,True,False,True,True,False,False,True,False,True,False,False,False,False,False,False,False,True,True,False,True,False,False,False,0
0,3,71.65895949909734,159.15,True,False,False,True,False,False,False,False,False,False,False,False,False,False,False,False,False,True,False,False,False,False,False,False,False,True,1
1,1,89.07683742006526,71.0,False,False,True,True,False,False,True,False,False,False,False,False,False,False,False,False,False,False,False,False,False,False,True,False,True,False,1
0,68,90.61776839871214,5733.4,False,True,True,True,False,True,True,False,False,False,False,True,False,False,False,True,False,False,False,False,True,False,True,False,False,False,0
0,72,40.73189789773206,1790.8,True,True,True,True,False,True,False,True,True,False,True,False,True,False,True,False,True,False,True,False,False,True,True,True,False,False,0
1,55,117.71649014518194,5509.3,False,False,False,True,False,True,True,False,False,False,False,False,False,True,False,False,False,True,False,True,True,False,True,False,True,False,1
0,27,35.26190601483207,583.3,False,True,True,True,False,False,False,True,True,False,True,False,True,False,True,False,True,False,True,False,True,False,True,False,False,True,0
0,61,38.184943083226756,1182.55,False,True,True,True,False,False,False,True,True,False,True,False,True,False,True,False,True,False,True,False,False,False,True,False,False,True,1
0,8,114.61744360276107,778.1,False,False,False,True,False,True,True,False,False,False,False,False,False,False,False,False,False,True,False,True,False,False,False,False,False,False,1
0,40,68.99645749800544,2092.9,True,False,False,True,False,False,False,False,False,False,False,False,False,False,False,True,False,False,False,False,False,False,True,False,True,False,0
0,19,131.34440404227618,1875.55,True,True,True,True,False,True,True,False,False,False,False,False,False,False,False,True,False,True,False,True,True,False,True,False,True,False,1
0,15,97.5535395460647,1302.65,False,False,False,True,False,True,True,False,False,True,False,False,False,True,False,False,False,False,False,False,False,False,True,True,False,False,0
0,30,104.61041204259617,2755.35,True,False,False,True,False,False,True,False,False,False,False,False,False,False,False,False,False,True,False,True,False,False,True,False,True,False,1
0,71,108.087900338089,6910.3,True,True,True,True,False,True,True,False,False,True,False,False,False,False,False,False,False,True,False,True,False,True,True,False,True,False,0
0,1,102.12728780892482,85.0,True,False,False,True,False,False,True,False,False,False,False,True,False,False,False,False,False,False,False,True,False,False,True,False,True,False,0
0,71,103.8629205171359,5832.65,True,True,False,True,False,False,False,False,False,True,False,False,False,True,False,True,False,True,False,True,False,True,True,False,True,False,0
0,26,111.22047390209887,2475.35,False,False,False,True,False,False,True,False,False,True,False,False,False,True,False,True,False,False,False,True,True,False,True,False,False,False,0
0,38,91.19318674714359,2597.6,True,False,False,True,False,False,True,False,False,False,False,False,False,False,False,False,False,False,False,False,True,False,True,False,False,False,1
0,28,113.89094365542228,2799.0,True,True,True,True,False,False,True,False,False,False,False,True,False,True,False,False,False,True,False,True,True,False,False,False,False,False,0
0,3,40.490914083687585,58.3,True,False,True,True,False,False,False,True,True,False,True,False,True,False,True,False,True,False,True,False,False,False,False,False,False,True,0
0,15,65.05167908272122,693.45,False,False,False,False,True,False,False,False,False,True,False,True,False,True,False,True,False,False,False,False,True,False,False,False,False,True,0
0,57,68.18385004677769,3090.05,True,False,False,False,True,False,False,False,False,False,False,False,False,True,False,True,False,True,False,True,False,True,False,True,False,False,0
0,50,36.60572936685654,989.05,False,False,False,True,False,False,False,True,True,False,True,False,True,False,True,False,True,False,True,False,True,False,False,False,False,False,0
0,72,109.63665226992981,7611.55,True,True,True,True,False,False,True,False,False,True,False,True,False,False,False,True,False,True,False,True,False,True,False,False,False,False,0
0,64,39.8415918806523,1642.75,False,False,False,True,False,True,False,True,True,False,True,False,True,False,True,False,True,False,True,False,True,False,False,False,False,True,0
0,66,101.02255087129473,5595.3,True,True,False,True,False,False,False,False,False,True,False,True,False,True,False,True,False,True,False,True,False,True,True,False,False,False,0
0,27,109.74880945275432,2462.55,False,True,False,True,False,True,True,False,False,False,False,False,False,False,False,False,False,True,False,True,False,False,False,True,False,False,0
0,10,107.50045677073726,813.85,True,True,False,True,False,True,True,False,False,False,False,False,False,False,False,False,False,True,False,False,False,False,True,False,True,False,1
0,52,75.6408194609892,3334.95,True,False,False,False,True,False,False,False,False,True,False,True,False,True,False,True,False,True,False,True,False,True,False,True,False,False,0
0,5,56.865598229800696,221.7,False,False,True,True,False,False,False,False,False,False,False,False,False,False,False,False,False,False,False,False,False,False,False,False,False,True,1
1,7,113.20389063127736,665.45,True,True,False,True,False,True,True,False,False,False,False,False,False,True,False,False,False,True,False,True,False,False,True,False,True,False,1
0,71,88.10433669223151,5522.7,True,False,True,True,False,False,False,False,False,True,False,True,False,True,False,True,False,True,False,False,False,True,True,True,False,False,0
0,70,108.8953498002904,6669.05,True,True,True,True,False,True,True,False,False,True,False,True,False,False,False,False,False,True,False,False,False,False,True,True,False,False,0
0,70,27.405442156129357,1378.75,False,True,True,True,False,False,False,True,True,False,True,False,True,False,True,False,True,False,True,False,False,True,False,False,False,False,0
0,72,85.1723720740506,5102.35,True,True,True,True,False,True,False,False,False,True,False,True,False,True,False,True,False,False,False,False,False,True,False,False,False,False,0
0,58,126.4852041361156,6393.65,False,True,False,True,False,True,True,False,False,True,False,True,False,False,False,True,False,True,False,True,False,True,True,True,False,False,0
0,49,97.8855470352376,4520.15,True,True,True,True,False,True,True,False,False,False,False,True,False,True,False,False,False,True,False,False,True,False,True,False,True,False,0
0,66,80.99731575254208,4447.55,True,False,False,True,False,True,False,False,False,True,False,True,False,True,False,True,False,False,False,False,False,True,False,False,False,False,0
0,39,117.08372382301161,3801.7,True,False,False,True,False,False,True,False,False,True,False,False,False,True,False,False,False,True,False,True,False,True,True,False,True,False,1
0,30,114.4381951760944,2936.25,True,False,False,True,False,True,True,False,False,True,False,False,False,False,False,False,False,True,False,True,False,False,True,False,False,False,0
0,67,125.69922961760024,7530.8,True,True,True,True,False,True,True,False,False,False,False,True,False,True,False,True,False,True,False,True,False,True,True,False,False,False,0
1,16,104.82742090570537,1281.0,True,False,False,True,False,True,True,False,False,False,False,False,False,False,False,False,False,True,False,False,False,False,True,False,True,False,1
0,18,61.283353837131436,878.35,True,True,False,True,False,False,False,False,False,False,False,False,False,True,False,False,False,False,False,False,False,False,True,False,False,True,1
0,46,73.08142803693588,3047.15,True,True,False,True,False,False,False,False,False,True,False,True,False,True,False,True,False,False,False,False,False,True,False,False,False,True,0
0,23,88.63947022370758,1533.8,False,True,True,True,False,False,False,False,False,True,False,True,False,True,False,True,False,False,False,False,True,False,True,False,False,True,0
0,1,41.730653609031094,20.55,True,False,False,True,False,False,False,True,True,False,True,False,True,False,True,False,True,False,True,False,False,False,False,False,True,False,1
1,61,117.47846056032571,6066.55,True,True,False,True,False,True,True,False,False,False,False,True,False,True,False,True,False,True,False,False,True,False,True,False,False,True,0
0,37,112.96936187082707,3247.55,True,True,True,True,False,False,True,False,False,False,False,False,False,False,False,False,False,True,False,True,True,False,False,True,False,False,0
0,2,35.187641023439625,35.9,True,True,True,True,False,False,False,True,True,False,True,False,True,False,True,False,True,False,True,False,True,False,False,False,False,True,1
0,61,33.05993049791878,1554.9,False,True,False,True,False,True,False,True,True,False,True,False,True,False,True,False,True,False,True,False,False,True,False,False,False,False,0
1,16,118.79972069445014,1581.2,False,False,False,True,False,True,True,False,False,False,False,False,False,False,False,False,False,True,False,True,False,False,True,False,True,False,1
0,36,40.837987678039795,679.8,False,False,False,True,False,False,False,True,True,False,True,False,True,False,True,False,True,False,True,False,True,False,True,False,False,False,0
1,2,92.60181907192698,195.05,False,False,False,True,False,False,True,False,False,False,False,False,False,False,False,False,False,False,False,True,False,False,True,False,True,False,1
0,16,33.39438199478715,313.4,True,True,True,True,False,False,False,True,True,False,True,False,True,False,True,False,True,False,True,False,False,False,False,False,True,False,0
0,64,95.752373219691,5135.35,True,True,True,True,False,False,True,False,False,True,False,True,False,False,False,False,False,False,False,False,False,False,False,False,True,False,0
0,1,71.81548849989592,50.75,True,False,False,True,False,False,False,False,False,False,False,True,False,False,False,False,False,False,False,False,False,False,True,False,True,False,1
0,1,83.05473661326853,70.7,False,False,False,True,False,False,True,False,False,False,False,False,False,False,False,False,False,False,False,False,False,False,True,False,False,True,0
0,2,26.549158036716875,43.15,False,True,False,True,False,False,False,True,True,False,True,False,True,False,True,False,True,False,True,False,False,False,False,False,False,False,0
0,5,68.2717585880588,259.8,False,False,False,True,False,False,False,False,False,True,False,False,False,False,False,True,False,False,False,False,False,False,False,True,False,False,1
0,30,76.76570529379804,1985.15,False,True,True,True,False,False,False,False,False,False,False,False,False,True,False,True,False,True,False,False,True,False,True,False,True,False,0
0,3,38.05185132716733,49.65,True,True,False,True,False,False,False,True,True,False,True,False,True,False,True,False,True,False,True,False,False,False,False,False,False,False,0
0,32,104.91222377600724,3131.55,True,True,True,True,False,False,True,False,False,True,False,True,False,True,False,False,False,False,False,True,True,False,False,False,False,True,0
0,36,104.61390463468248,3078.1,False,False,False,True,False,False,True,False,False,False,False,False,False,True,False,True,False,False,False,True,False,False,True,False,True,False,1
0,51,131.14380925848658,5686.4,True,True,True,True,False,True,True,False,False,True,False,True,False,False,False,True,False,True,False,True,True,False,False,True,False,False,0
0,21,46.71361379933772,629.35,False,True,False,False,True,False,False,False,False,True,False,False,False,False,False,False,False,False,False,False,False,False,False,False,True,False,0
0,24,86.08432735454562,1928.7,False,True,False,True,False,True,True,False,False,False,False,False,False,True,False,False,False,False,False,False,False,False,True,False,False,True,0
0,35,94.78254687878066,2848.45,True,False,False,True,False,True,True,False,False,False,False,False,False,False,False,False,False,True,False,False,False,False,False,False,True,False,0
0,25,128.9029115902149,2809.05,False,False,False,True,False,True,True,False,False,False,False,True,False,True,False,True,False,True,False,True,False,True,False,False,True,False,0
0,1,31.682910648269083,20.45,True,False,False,True,False,False,False,True,True,False,True,False,True,False,True,False,True,False,True,False,False,False,False,False,False,True,0
0,28,111.01766448946012,2626.15,True,False,False,True,False,False,True,False,False,False,False,False,False,True,False,True,False,False,False,True,False,False,False,False,True,False,0
1,40,48.94553750969443,1637.4,False,True,False,False,True,False,False,False,False,False,False,True,False,False,False,False,False,True,False,False,False,False,True,False,True,False,1
0,30,110.71972044662662,2624.25,False,True,False,True,False,True,True,False,False,False,False,False,False,False,False,False,False,False,False,True,False,False,True,False,True,False,1
0,30,67.34178223649675,1536.75,False,False,False,True,False,False,False,False,False,True,False,False,False,False,False,False,False,False,False,False,False,False,True,False,False,True,0
0,45,110.94562884334178,4730.9,False,True,True,True,False,True,True,False,False,True,False,True,False,False,False,False,False,True,False,True,False,False,True,False,True,False,0
0,55,84.64045965059377,4144.9,False,False,False,True,False,True,True,False,False,False,False,False,False,False,False,False,False,False,False,False,False,False,True,False,True,False,0
0,50,82.27017910437732,3486.65,True,True,True,True,False,True,False,False,False,True,False,False,False,False,False,True,False,True,False,False,False,True,True,True,False,False,0
0,19,77.10361227466996,1231.85,True,False,False,True,False,False,False,False,False,False,False,True,False,False,False,True,False,False,False,True,True,False,True,False,False,False,0
0,59,137.3085424007117,6561.25,True,True,False,True,False,True,True,False,False,True,False,True,False,True,False,True,False,True,False,True,False,True,False,False,True,False,0
1,8,87.20458593812191,572.85,True,False,False,True,False,False,True,False,False,False,False,False,False,False,False,False,False,False,False,False,False,False,True,False,True,False,0
0,43,33.00817133533484,1070.15,False,False,True,True,False,True,False,True,True,False,True,False,True,False,True,False,True,False,True,False,False,True,True,False,True,False,0
1,38,84.03370743667112,2869.85,False,True,False,True,False,True,True,False,False,False,False,False,False,False,False,False,False,False,False,False,False,False,True,False,False,False,1
0,67,131.10585163746805,7156.2,False,True,True,True,False,True,True,False,False,True,False,False,False,True,False,True,False,True,False,True,False,True,True,True,False,False,1
0,33,83.34209189594776,2171.15,True,False,False,True,False,False,True,False,False,False,False,False,False,False,False,False,False,False,False,False,False,False,False,False,True,False,1
0,1,28.040744686038597,20.05,True,False,False,True,False,False,False,True,True,False,True,False,True,False,True,False,True,False,True,False,False,False,False,False,False,True,0
0,9,86.7653216450638,647.5,False,True,True,True,False,False,True,False,False,False,False,False,False,False,False,True,False,False,False,False,False,False,True,False,True,False,0
0,50,52.44909328464256,1748.9,True,False,False,False,True,False,False,False,False,True,False,False,False,False,False,True,False,False,False,False,True,False,True,False,False,True,0
0,9,85.04092299335348,713.1,True,False,False,True,False,False,True,False,False,False,False,False,False,False,False,False,False,False,False,True,False,False,True,False,True,False,1
0,17,55.3987378149281,792.15,True,True,True,False,True,False,False,False,False,True,False,False,False,True,False,False,False,True,False,False,True,False,False,True,False,False,0
0,8,103.06731817933611,762.1,False,False,False,True,False,True,True,False,False,False,False,False,False,False,False,False,False,True,False,False,False,False,True,False,True,False,1
0,46,112.75575987408322,4399.5,False,False,False,True,False,True,True,False,False,False,False,False,False,False,False,False,False,True,False,True,False,False,False,False,False,False,1
0,41,65.97783285449977,2075.1,True,False,False,False,True,False,False,False,False,False,False,False,False,True,False,False,False,True,False,True,True,False,True,False,True,False,0
1,4,41.924382095740924,91.45,False,False,False,True,False,False,False,True,True,False,True,False,True,False,True,False,True,False,True,False,False,False,False,False,False,True,0
0,13,81.09856238626836,995.35,False,False,False,True,False,True,False,False,False,True,False,False,False,True,False,False,False,True,False,True,False,False,True,False,True,False,0
0,65,89.43642741736616,4929.55,True,True,False,True,False,True,False,False,False,True,False,False,False,True,False,True,False,False,False,True,False,True,False,False,False,False,0
0,63,41.86909714073114,1574.5,True,True,True,True,False,True,False,True,True,False,True,False,True,False,True,False,True,False,True,False,False,True,False,True,False,False,0
0,72,118.0510495374944,6991.6,True,True,True,True,False,True,True,False,False,True,False,True,False,False,False,True,False,False,False,True,False,True,True,True,False,False,0
0,26,92.05453782799003,2018.1,True,False,False,True,False,False,True,False,False,False,False,True,False,False,False,False,False,False,False,False,True,False,False,False,False,False,0
0,15,63.98198730454716,749.25,True,False,False,True,False,True,False,False,False,False,False,False,False,False,False,False,False,False,False,False,False,False,True,False,True,False,0
1,56,129.04766221953514,6418.9,False,False,False,True,False,True,True,False,False,False,False,True,False,True,False,True,False,True,False,True,True,False,True,False,True,False,1
0,1,38.30547513147961,24.6,False,False,False,False,True,False,False,False,False,False,False,False,False,False,False,False,False,False,False,False,False,False,False,False,True,False,1
0,20,36.288936801741414,403.15,False,False,False,True,False,False,False,True,True,False,True,False,True,False,True,False,True,False,True,False,True,False,False,False,False,True,0
0,35,73.38130095187257,1916.0,False,True,True,True,False,False,False,False,False,True,False,False,False,False,False,True,False,False,False,False,True,False,True,False,False,False,1
1,7,86.14678715439086,527.9,True,True,False,True,False,True,True,False,False,False,False,False,False,False,False,False,False,False,False,False,False,False,True,False,False,True,1
0,60,90.41576426666452,4224.7,False,False,False,True,False,False,False,False,False,False,False,True,False,True,False,True,False,True,False,False,True,False,True,True,False,False,0
0,61,39.7814640460722,1311.6,False,True,True,True,False,False,False,True,True,False,True,False,True,False,True,False,True,False,True,False,False,True,False,True,False,False,0
0,47,40.27584308245689,1250.85,False,True,False,True,False,True,False,True,True,False,True,False,True,False,True,False,True,False,True,False,True,False,False,False,True,False,0
0,72,27.688481493323543,1567.0,False,False,True,True,False,False,False,True,True,False,True,False,True,False,True,False,True,False,True,False,False,True,True,False,False,True,0
